month,lead,intervals,spikes,demand_R2,demand_R2_naive,normal_MAE,normal_MAE_naive,normal_R2,spike_MAE_central,spike_MAE_q90,spike_MAE_naive,q90_coverage
2025-01,today,8928,40,0.826177,0.392504,32.659462,49.662115,0.385112,2919.805230,2786.788288,2897.723750,0.830085
2025-02,today,8064,62,0.835390,0.596361,31.991423,48.588968,0.512048,1366.028581,1272.764947,1347.130323,0.820188
2025-03,today,8928,38,0.764357,0.503855,29.957019,46.692526,0.421488,2836.950074,2700.882797,2789.026579,0.921819
2025-04,today,8640,65,0.848510,0.786435,30.257796,38.000126,0.619482,1522.091207,1407.749685,2297.503692,0.859375
2025-05,today,8928,89,0.833852,0.657468,29.017598,43.634809,0.584397,2792.138834,2709.577126,3931.240674,0.879256
2025-06,today,8640,389,0.923166,0.740640,34.920714,127.261713,0.586341,2859.914506,2769.968195,3269.346632,0.852778
2025-07,today,8928,67,0.826229,0.600132,33.572133,42.120150,0.513069,155.347401,104.301521,154.778955,0.888329
2025-08,today,8928,153,0.887480,0.693869,33.553707,42.302850,0.576334,240.610681,980.160730,211.555948,0.879256
2025-09,today,8640,87,0.906466,0.801490,30.356001,41.481051,0.630061,296.297279,226.223841,314.720345,0.841782
2025-10,today,8928,43,0.749443,0.487172,39.850525,51.213245,0.454191,907.087908,820.105073,877.159767,0.773409
2025-11,today,8640,50,0.732662,0.573198,34.667420,59.413421,0.411851,3151.152046,3059.811617,3158.948600,0.933796
2025-12,today,8928,62,0.827288,0.588635,25.181973,43.011287,0.511575,2056.597795,1953.721302,2044.856290,0.903002
2026-01,today,8928,43,0.883057,0.664545,23.958486,39.774657,0.256704,2916.702689,2855.349402,2916.212558,0.917899
2026-02,today,8064,53,0.818082,0.404980,23.711193,41.539313,0.358074,2318.861012,2216.832089,2309.695472,0.924231
2026-03,today,8928,0,0.856868,0.635042,20.171553,22.588702,0.446225,,,,0.885865
2026-04,today,8640,0,0.869925,0.713417,16.536754,19.462916,0.629923,,,,0.931019
2026-05,today,8928,13,0.788085,0.645793,26.017702,30.608678,0.219781,237.283557,193.962722,188.105385,0.763665
2026-06,today,8640,0,0.712959,0.692568,21.537121,22.104586,0.365461,,,,0.941898
2026-07,today,8928,15,0.926971,0.799249,20.245386,25.061770,0.438486,261.424641,172.311323,216.371333,0.893817
2026-08,today,8928,1,0.785613,0.664831,20.713942,25.338205,0.438453,198.897357,28.335075,177.050000,0.923051
2025-01,tomorrow,8928,40,0.803780,-0.097100,35.082878,57.969524,0.323221,2915.798434,2817.316300,2880.553750,0.773746
2025-02,tomorrow,8064,62,0.806164,0.211260,35.778067,50.797133,0.418034,1381.770876,1258.739141,1744.940645,0.875620
2025-03,tomorrow,8928,38,0.699824,0.176325,31.788012,51.291340,0.358800,2857.625175,2717.838405,3136.358947,0.912634
2025-04,tomorrow,8640,65,0.835792,0.593957,34.499733,46.986476,0.527766,1542.148059,1403.848017,1766.688462,0.821065
2025-05,tomorrow,8928,89,0.782354,0.448824,34.930491,60.901390,0.443671,2802.122454,2714.677903,3409.885393,0.918795
2025-06,tomorrow,8640,389,0.890425,0.614949,41.441408,183.100851,0.430043,2923.686037,2768.900214,3014.163008,0.871875
2025-07,tomorrow,8928,67,0.829109,0.359833,37.163477,47.988449,0.417058,174.508322,84.989895,183.129254,0.946909
2025-08,tomorrow,8928,153,0.844928,0.455264,35.548943,51.788519,0.540359,307.503512,473.897883,291.775163,0.868392
2025-09,tomorrow,8640,87,0.891933,0.626529,32.662814,48.183049,0.568755,324.523286,247.893160,350.539425,0.864352
2025-10,tomorrow,8928,43,0.791671,0.300421,40.953915,56.295947,0.416225,920.437449,815.862350,924.674884,0.823029
2025-11,tomorrow,8640,50,0.698185,0.380500,34.387804,63.866874,0.430364,3159.034632,3054.587355,3166.347000,0.949653
2025-12,tomorrow,8928,62,0.799099,0.316185,29.596141,46.659966,0.390613,2064.481747,1989.899436,2091.666290,0.942876
2026-01,tomorrow,8928,43,0.843797,0.444541,27.500029,41.273809,0.115055,2915.974422,2866.695503,2887.889070,0.936716
2026-02,tomorrow,8064,53,0.780744,0.065159,27.282327,49.620745,0.185591,2336.892709,2212.584019,2344.852642,0.924479
2026-03,tomorrow,8928,0,0.791664,0.191699,23.287228,28.235862,0.286224,,,,0.885081
2026-04,tomorrow,8640,0,0.861567,0.505982,18.041429,22.818911,0.614641,,,,0.962731
2026-05,tomorrow,8928,13,0.724807,0.407496,29.784728,39.503455,-0.014102,276.321971,246.482341,273.105385,0.770497
2026-06,tomorrow,8640,0,0.765797,0.511362,23.993899,26.499271,0.203924,,,,0.965625
2026-07,tomorrow,8928,15,0.910452,0.650180,22.151625,31.234665,0.280894,298.268347,184.930057,307.921333,0.954637
2026-08,tomorrow,8928,1,0.817628,0.521266,22.248521,31.869435,0.372057,206.221327,12.431343,185.220000,0.921595
