issue_date,interval_datetime,aemo_rrp,run_datetime
2026-09-27,2026-09-27 00:30:00,83.9900,2026-09-26 18:00:00
2026-09-27,2026-09-27 01:00:00,83.9900,2026-09-26 18:00:00
2026-09-27,2026-09-27 01:30:00,83.9900,2026-09-26 18:00:00
2026-09-27,2026-09-27 02:00:00,83.9898,2026-09-26 18:00:00
2026-09-27,2026-09-27 02:30:00,77.3153,2026-09-26 18:00:00
2026-09-27,2026-09-27 03:00:00,75.9601,2026-09-26 18:00:00
2026-09-27,2026-09-27 03:30:00,75.9601,2026-09-26 18:00:00
2026-09-27,2026-09-27 04:00:00,75.9503,2026-09-26 18:00:00
2026-09-27,2026-09-27 04:30:00,75.9501,2026-09-26 18:00:00
2026-09-27,2026-09-27 05:00:00,75.9501,2026-09-26 18:00:00
2026-09-27,2026-09-27 05:30:00,75.9501,2026-09-26 18:00:00
2026-09-27,2026-09-27 06:00:00,75.9501,2026-09-26 18:00:00
2026-09-27,2026-09-27 06:30:00,75.6970,2026-09-26 18:00:00
2026-09-27,2026-09-27 07:00:00,46.4500,2026-09-26 18:00:00
2026-09-27,2026-09-27 07:30:00,26.0500,2026-09-26 18:00:00
2026-09-27,2026-09-27 08:00:00,25.1000,2026-09-26 18:00:00
2026-09-27,2026-09-27 08:30:00,2.3939,2026-09-26 18:00:00
2026-09-27,2026-09-27 09:00:00,11.4000,2026-09-26 18:00:00
2026-09-27,2026-09-27 09:30:00,25.3525,2026-09-26 18:00:00
2026-09-27,2026-09-27 10:00:00,42.5400,2026-09-26 18:00:00
2026-09-27,2026-09-27 10:30:00,42.5400,2026-09-26 18:00:00
2026-09-27,2026-09-27 11:00:00,42.5400,2026-09-26 18:00:00
2026-09-27,2026-09-27 11:30:00,42.5400,2026-09-26 18:00:00
2026-09-27,2026-09-27 12:00:00,42.5400,2026-09-26 18:00:00
2026-09-27,2026-09-27 12:30:00,42.5400,2026-09-26 18:00:00
2026-09-27,2026-09-27 13:00:00,42.5400,2026-09-26 18:00:00
2026-09-27,2026-09-27 13:30:00,42.5400,2026-09-26 18:00:00
2026-09-27,2026-09-27 14:00:00,42.5400,2026-09-26 18:00:00
2026-09-27,2026-09-27 14:30:00,42.5400,2026-09-26 18:00:00
2026-09-27,2026-09-27 15:00:00,42.5400,2026-09-26 18:00:00
2026-09-27,2026-09-27 15:30:00,42.5400,2026-09-26 18:00:00
2026-09-27,2026-09-27 16:00:00,42.5400,2026-09-26 18:00:00
2026-09-27,2026-09-27 16:30:00,34.4879,2026-09-26 18:00:00
2026-09-27,2026-09-27 17:00:00,46.0062,2026-09-26 18:00:00
2026-09-27,2026-09-27 17:30:00,64.9500,2026-09-26 18:00:00
2026-09-27,2026-09-27 18:00:00,83.9900,2026-09-26 18:00:00
2026-09-27,2026-09-27 18:30:00,89.9886,2026-09-26 18:00:00
2026-09-27,2026-09-27 19:00:00,93.8778,2026-09-26 18:00:00
2026-09-27,2026-09-27 19:30:00,93.1875,2026-09-26 18:00:00
2026-09-27,2026-09-27 20:00:00,90.0000,2026-09-26 18:00:00
2026-09-27,2026-09-27 20:30:00,90.0000,2026-09-26 18:00:00
2026-09-27,2026-09-27 21:00:00,88.8400,2026-09-26 18:00:00
2026-09-27,2026-09-27 21:30:00,86.7577,2026-09-26 18:00:00
2026-09-27,2026-09-27 22:00:00,83.9900,2026-09-26 18:00:00
2026-09-27,2026-09-27 22:30:00,75.5334,2026-09-26 18:00:00
2026-09-27,2026-09-27 23:00:00,65.5100,2026-09-26 18:00:00
2026-09-27,2026-09-27 23:30:00,65.5100,2026-09-26 18:00:00
2026-09-27,2026-09-28 00:00:00,64.9500,2026-09-26 18:00:00
2026-09-28,2026-09-28 00:30:00,65.9900,2026-09-27 18:00:00
2026-09-28,2026-09-28 01:00:00,64.9500,2026-09-27 18:00:00
2026-09-28,2026-09-28 01:30:00,65.9900,2026-09-27 18:00:00
2026-09-28,2026-09-28 02:00:00,69.0075,2026-09-27 18:00:00
2026-09-28,2026-09-28 02:30:00,70.3516,2026-09-27 18:00:00
2026-09-28,2026-09-28 03:00:00,68.6091,2026-09-27 18:00:00
2026-09-28,2026-09-28 03:30:00,69.0219,2026-09-27 18:00:00
2026-09-28,2026-09-28 04:00:00,68.5617,2026-09-27 18:00:00
2026-09-28,2026-09-28 04:30:00,68.4968,2026-09-27 18:00:00
2026-09-28,2026-09-28 05:00:00,67.7259,2026-09-27 18:00:00
2026-09-28,2026-09-28 05:30:00,75.9601,2026-09-27 18:00:00
2026-09-28,2026-09-28 06:00:00,76.4312,2026-09-27 18:00:00
2026-09-28,2026-09-28 06:30:00,83.9900,2026-09-27 18:00:00
2026-09-28,2026-09-28 07:00:00,75.9501,2026-09-27 18:00:00
2026-09-28,2026-09-28 07:30:00,57.3900,2026-09-27 18:00:00
2026-09-28,2026-09-28 08:00:00,46.4500,2026-09-27 18:00:00
2026-09-28,2026-09-28 08:30:00,57.3900,2026-09-27 18:00:00
2026-09-28,2026-09-28 09:00:00,46.7101,2026-09-27 18:00:00
2026-09-28,2026-09-28 09:30:00,42.8000,2026-09-27 18:00:00
2026-09-28,2026-09-28 10:00:00,53.1500,2026-09-27 18:00:00
2026-09-28,2026-09-28 10:30:00,46.8171,2026-09-27 18:00:00
2026-09-28,2026-09-28 11:00:00,46.2137,2026-09-27 18:00:00
2026-09-28,2026-09-28 11:30:00,52.9594,2026-09-27 18:00:00
2026-09-28,2026-09-28 12:00:00,48.2424,2026-09-27 18:00:00
2026-09-28,2026-09-28 12:30:00,52.8833,2026-09-27 18:00:00
2026-09-28,2026-09-28 13:00:00,42.8000,2026-09-27 18:00:00
2026-09-28,2026-09-28 13:30:00,42.8000,2026-09-27 18:00:00
2026-09-28,2026-09-28 14:00:00,42.5400,2026-09-27 18:00:00
2026-09-28,2026-09-28 14:30:00,42.5400,2026-09-27 18:00:00
2026-09-28,2026-09-28 15:00:00,42.5400,2026-09-27 18:00:00
2026-09-28,2026-09-28 15:30:00,42.8000,2026-09-27 18:00:00
2026-09-28,2026-09-28 16:00:00,47.4095,2026-09-27 18:00:00
2026-09-28,2026-09-28 16:30:00,42.8000,2026-09-27 18:00:00
2026-09-28,2026-09-28 17:00:00,57.3900,2026-09-27 18:00:00
2026-09-28,2026-09-28 17:30:00,80.1000,2026-09-27 18:00:00
2026-09-28,2026-09-28 18:00:00,110.9800,2026-09-27 18:00:00
2026-09-28,2026-09-28 18:30:00,140.2139,2026-09-27 18:00:00
2026-09-28,2026-09-28 19:00:00,130.6556,2026-09-27 18:00:00
2026-09-28,2026-09-28 19:30:00,119.0100,2026-09-27 18:00:00
2026-09-28,2026-09-28 20:00:00,109.2158,2026-09-27 18:00:00
2026-09-28,2026-09-28 20:30:00,98.8645,2026-09-27 18:00:00
2026-09-28,2026-09-28 21:00:00,92.0149,2026-09-27 18:00:00
2026-09-28,2026-09-28 21:30:00,90.0000,2026-09-27 18:00:00
2026-09-28,2026-09-28 22:00:00,88.8400,2026-09-27 18:00:00
2026-09-28,2026-09-28 22:30:00,77.5681,2026-09-27 18:00:00
2026-09-28,2026-09-28 23:00:00,73.5627,2026-09-27 18:00:00
2026-09-28,2026-09-28 23:30:00,65.9900,2026-09-27 18:00:00
2026-09-28,2026-09-29 00:00:00,64.9500,2026-09-27 18:00:00
2026-09-29,2026-09-29 00:30:00,69.9575,2026-09-28 18:00:00
2026-09-29,2026-09-29 01:00:00,71.4390,2026-09-28 18:00:00
2026-09-29,2026-09-29 01:30:00,73.3808,2026-09-28 18:00:00
2026-09-29,2026-09-29 02:00:00,73.9068,2026-09-28 18:00:00
2026-09-29,2026-09-29 02:30:00,74.4116,2026-09-28 18:00:00
2026-09-29,2026-09-29 03:00:00,73.9614,2026-09-28 18:00:00
2026-09-29,2026-09-29 03:30:00,74.4303,2026-09-28 18:00:00
2026-09-29,2026-09-29 04:00:00,73.1735,2026-09-28 18:00:00
2026-09-29,2026-09-29 04:30:00,70.4572,2026-09-28 18:00:00
2026-09-29,2026-09-29 05:00:00,71.6360,2026-09-28 18:00:00
2026-09-29,2026-09-29 05:30:00,76.1500,2026-09-28 18:00:00
2026-09-29,2026-09-29 06:00:00,80.8564,2026-09-28 18:00:00
2026-09-29,2026-09-29 06:30:00,75.9601,2026-09-28 18:00:00
2026-09-29,2026-09-29 07:00:00,75.9503,2026-09-28 18:00:00
2026-09-29,2026-09-29 07:30:00,60.6516,2026-09-28 18:00:00
2026-09-29,2026-09-29 08:00:00,48.9051,2026-09-28 18:00:00
2026-09-29,2026-09-29 08:30:00,36.6202,2026-09-28 18:00:00
2026-09-29,2026-09-29 09:00:00,26.4500,2026-09-28 18:00:00
2026-09-29,2026-09-29 09:30:00,24.9902,2026-09-28 18:00:00
2026-09-29,2026-09-29 10:00:00,19.1941,2026-09-28 18:00:00
2026-09-29,2026-09-29 10:30:00,24.9902,2026-09-28 18:00:00
2026-09-29,2026-09-29 11:00:00,24.9902,2026-09-28 18:00:00
2026-09-29,2026-09-29 11:30:00,24.9902,2026-09-28 18:00:00
2026-09-29,2026-09-29 12:00:00,26.4500,2026-09-28 18:00:00
2026-09-29,2026-09-29 12:30:00,42.9400,2026-09-28 18:00:00
2026-09-29,2026-09-29 13:00:00,26.4500,2026-09-28 18:00:00
2026-09-29,2026-09-29 13:30:00,0.9951,2026-09-28 18:00:00
2026-09-29,2026-09-29 14:00:00,0.0308,2026-09-28 18:00:00
2026-09-29,2026-09-29 14:30:00,8.3528,2026-09-28 18:00:00
2026-09-29,2026-09-29 15:00:00,42.8929,2026-09-28 18:00:00
2026-09-29,2026-09-29 15:30:00,42.4345,2026-09-28 18:00:00
2026-09-29,2026-09-29 16:00:00,42.6273,2026-09-28 18:00:00
2026-09-29,2026-09-29 16:30:00,39.3552,2026-09-28 18:00:00
2026-09-29,2026-09-29 17:00:00,64.8900,2026-09-28 18:00:00
2026-09-29,2026-09-29 17:30:00,78.2671,2026-09-28 18:00:00
2026-09-29,2026-09-29 18:00:00,119.0100,2026-09-28 18:00:00
2026-09-29,2026-09-29 18:30:00,129.6500,2026-09-28 18:00:00
2026-09-29,2026-09-29 19:00:00,124.2757,2026-09-28 18:00:00
2026-09-29,2026-09-29 19:30:00,124.4918,2026-09-28 18:00:00
2026-09-29,2026-09-29 20:00:00,122.3798,2026-09-28 18:00:00
2026-09-29,2026-09-29 20:30:00,119.0100,2026-09-28 18:00:00
2026-09-29,2026-09-29 21:00:00,119.0100,2026-09-28 18:00:00
2026-09-29,2026-09-29 21:30:00,96.9900,2026-09-28 18:00:00
2026-09-29,2026-09-29 22:00:00,90.0000,2026-09-28 18:00:00
2026-09-29,2026-09-29 22:30:00,96.9900,2026-09-28 18:00:00
2026-09-29,2026-09-29 23:00:00,83.9900,2026-09-28 18:00:00
2026-09-29,2026-09-29 23:30:00,83.9900,2026-09-28 18:00:00
2026-09-29,2026-09-30 00:00:00,83.9900,2026-09-28 18:00:00
2026-09-30,2026-09-30 00:30:00,77.9667,2026-09-29 18:00:00
2026-09-30,2026-09-30 01:00:00,71.8872,2026-09-29 18:00:00
2026-09-30,2026-09-30 01:30:00,72.4463,2026-09-29 18:00:00
2026-09-30,2026-09-30 02:00:00,70.6486,2026-09-29 18:00:00
2026-09-30,2026-09-30 02:30:00,69.7851,2026-09-29 18:00:00
2026-09-30,2026-09-30 03:00:00,64.9966,2026-09-29 18:00:00
2026-09-30,2026-09-30 03:30:00,64.9912,2026-09-29 18:00:00
2026-09-30,2026-09-30 04:00:00,69.3326,2026-09-29 18:00:00
2026-09-30,2026-09-30 04:30:00,72.1951,2026-09-29 18:00:00
2026-09-30,2026-09-30 05:00:00,75.9503,2026-09-29 18:00:00
2026-09-30,2026-09-30 05:30:00,80.9129,2026-09-29 18:00:00
2026-09-30,2026-09-30 06:00:00,80.2887,2026-09-29 18:00:00
2026-09-30,2026-09-30 06:30:00,75.9503,2026-09-29 18:00:00
2026-09-30,2026-09-30 07:00:00,11.8800,2026-09-29 18:00:00
2026-09-30,2026-09-30 07:30:00,24.9899,2026-09-29 18:00:00
2026-09-30,2026-09-30 08:00:00,11.8800,2026-09-29 18:00:00
2026-09-30,2026-09-30 08:30:00,0.0098,2026-09-29 18:00:00
2026-09-30,2026-09-30 09:00:00,-2.7522,2026-09-29 18:00:00
2026-09-30,2026-09-30 09:30:00,-1.8481,2026-09-29 18:00:00
2026-09-30,2026-09-30 10:00:00,-6.0000,2026-09-29 18:00:00
2026-09-30,2026-09-30 10:30:00,-7.5692,2026-09-29 18:00:00
2026-09-30,2026-09-30 11:00:00,-11.0799,2026-09-29 18:00:00
2026-09-30,2026-09-30 11:30:00,-10.8920,2026-09-29 18:00:00
2026-09-30,2026-09-30 12:00:00,-7.0054,2026-09-29 18:00:00
2026-09-30,2026-09-30 12:30:00,-2.7646,2026-09-29 18:00:00
2026-09-30,2026-09-30 13:00:00,-9.3200,2026-09-29 18:00:00
2026-09-30,2026-09-30 13:30:00,-10.0000,2026-09-29 18:00:00
2026-09-30,2026-09-30 14:00:00,-6.5100,2026-09-29 18:00:00
2026-09-30,2026-09-30 14:30:00,-0.4935,2026-09-29 18:00:00
2026-09-30,2026-09-30 15:00:00,8.1791,2026-09-29 18:00:00
2026-09-30,2026-09-30 15:30:00,13.0485,2026-09-29 18:00:00
2026-09-30,2026-09-30 16:00:00,20.2279,2026-09-29 18:00:00
2026-09-30,2026-09-30 16:30:00,44.7079,2026-09-29 18:00:00
2026-09-30,2026-09-30 17:00:00,74.7912,2026-09-29 18:00:00
2026-09-30,2026-09-30 17:30:00,83.3400,2026-09-29 18:00:00
2026-09-30,2026-09-30 18:00:00,121.3077,2026-09-29 18:00:00
2026-09-30,2026-09-30 18:30:00,172.9456,2026-09-29 18:00:00
2026-09-30,2026-09-30 19:00:00,140.8793,2026-09-29 18:00:00
2026-09-30,2026-09-30 19:30:00,137.9411,2026-09-29 18:00:00
2026-09-30,2026-09-30 20:00:00,122.1575,2026-09-29 18:00:00
2026-09-30,2026-09-30 20:30:00,111.5542,2026-09-29 18:00:00
2026-09-30,2026-09-30 21:00:00,119.4200,2026-09-29 18:00:00
2026-09-30,2026-09-30 21:30:00,97.6599,2026-09-29 18:00:00
2026-09-30,2026-09-30 22:00:00,99.1018,2026-09-29 18:00:00
2026-09-30,2026-09-30 22:30:00,119.0000,2026-09-29 18:00:00
2026-09-30,2026-09-30 23:00:00,97.7231,2026-09-29 18:00:00
2026-09-30,2026-09-30 23:30:00,96.9900,2026-09-29 18:00:00
2026-09-30,2026-10-01 00:00:00,94.5408,2026-09-29 18:00:00
