issue_date,lead,settlementdate,demand_forecast,rrp_base_prediction,rrp_risk_ceiling
2026-09-27,today,2026-09-27 00:05:00,6949.422010,81.269000,118.559622
2026-09-27,today,2026-09-27 00:10:00,6966.302334,81.269000,118.780313
2026-09-27,today,2026-09-27 00:15:00,6975.307064,81.269000,118.780313
2026-09-27,today,2026-09-27 00:20:00,6975.307064,81.269000,118.780313
2026-09-27,today,2026-09-27 00:25:00,6968.282439,81.269000,118.780313
2026-09-27,today,2026-09-27 00:30:00,6975.307064,82.335740,119.445143
2026-09-27,today,2026-09-27 00:35:00,6922.854857,81.269000,118.780313
2026-09-27,today,2026-09-27 00:40:00,6940.392240,81.269000,118.780313
2026-09-27,today,2026-09-27 00:45:00,6862.696760,81.269000,118.556582
2026-09-27,today,2026-09-27 00:50:00,6908.460890,82.770615,121.856255
2026-09-27,today,2026-09-27 00:55:00,6878.409005,81.269000,118.336307
2026-09-27,today,2026-09-27 01:00:00,6847.507499,81.269000,118.336307
2026-09-27,today,2026-09-27 01:05:00,6799.076993,81.269000,118.336307
2026-09-27,today,2026-09-27 01:10:00,6705.269560,81.269000,118.336307
2026-09-27,today,2026-09-27 01:15:00,6691.147545,81.269000,118.336307
2026-09-27,today,2026-09-27 01:20:00,6688.063974,81.269000,118.336307
2026-09-27,today,2026-09-27 01:25:00,6660.737908,81.269000,118.336307
2026-09-27,today,2026-09-27 01:30:00,6646.048744,81.269000,118.336307
2026-09-27,today,2026-09-27 01:35:00,6646.395584,81.269000,117.650418
2026-09-27,today,2026-09-27 01:40:00,6631.706420,81.269000,116.907328
2026-09-27,today,2026-09-27 01:45:00,6612.321194,81.269000,115.241980
2026-09-27,today,2026-09-27 01:50:00,6497.238750,81.269000,111.952476
2026-09-27,today,2026-09-27 01:55:00,6456.436265,81.269000,111.545300
2026-09-27,today,2026-09-27 02:00:00,6460.281369,81.269000,111.952476
2026-09-27,today,2026-09-27 02:05:00,6468.982773,80.331046,113.422040
2026-09-27,today,2026-09-27 02:10:00,6453.061721,80.331046,110.022598
2026-09-27,today,2026-09-27 02:15:00,6443.710090,80.331046,113.009519
2026-09-27,today,2026-09-27 02:20:00,6350.117724,80.331046,107.660636
2026-09-27,today,2026-09-27 02:25:00,6354.709408,80.331046,108.593022
2026-09-27,today,2026-09-27 02:30:00,6335.750205,80.331046,107.660636
2026-09-27,today,2026-09-27 02:35:00,6285.127155,80.331046,107.660636
2026-09-27,today,2026-09-27 02:40:00,6304.086358,80.331046,108.593022
2026-09-27,today,2026-09-27 02:45:00,6285.958187,80.331046,108.593022
2026-09-27,today,2026-09-27 02:50:00,6285.958187,80.331046,107.660636
2026-09-27,today,2026-09-27 02:55:00,6285.958187,80.331046,107.660636
2026-09-27,today,2026-09-27 03:00:00,6274.245571,80.331046,107.660636
2026-09-27,today,2026-09-27 03:05:00,6274.245571,80.331046,107.660636
2026-09-27,today,2026-09-27 03:10:00,6274.245571,80.331046,107.660636
2026-09-27,today,2026-09-27 03:15:00,6194.983325,80.331046,107.660636
2026-09-27,today,2026-09-27 03:20:00,6194.983325,80.331046,107.660636
2026-09-27,today,2026-09-27 03:25:00,6221.341860,80.331046,107.660636
2026-09-27,today,2026-09-27 03:30:00,6231.002874,80.331046,107.660636
2026-09-27,today,2026-09-27 03:35:00,6204.481765,80.331046,107.660636
2026-09-27,today,2026-09-27 03:40:00,6204.481765,80.331046,107.660636
2026-09-27,today,2026-09-27 03:45:00,6247.836892,80.331046,107.660636
2026-09-27,today,2026-09-27 03:50:00,6216.394111,80.331046,107.660636
2026-09-27,today,2026-09-27 03:55:00,6178.805252,80.331046,107.660636
2026-09-27,today,2026-09-27 04:00:00,6124.075357,80.331046,107.469038
2026-09-27,today,2026-09-27 04:05:00,6124.075357,80.331046,107.075769
2026-09-27,today,2026-09-27 04:10:00,6124.075357,80.331046,107.075769
2026-09-27,today,2026-09-27 04:15:00,6159.377871,80.331046,108.429860
2026-09-27,today,2026-09-27 04:20:00,6124.075357,80.331046,108.033074
2026-09-27,today,2026-09-27 04:25:00,6154.149785,80.331046,107.804786
2026-09-27,today,2026-09-27 04:30:00,6174.878549,80.331046,108.200733
2026-09-27,today,2026-09-27 04:35:00,6118.847271,80.331046,107.804786
2026-09-27,today,2026-09-27 04:40:00,6191.738644,80.331046,107.804786
2026-09-27,today,2026-09-27 04:45:00,6223.181425,80.331046,107.804786
2026-09-27,today,2026-09-27 04:50:00,6191.738644,80.331046,107.804786
2026-09-27,today,2026-09-27 04:55:00,6223.181425,80.331046,107.804786
2026-09-27,today,2026-09-27 05:00:00,6154.149785,80.331046,108.555452
2026-09-27,today,2026-09-27 05:05:00,6174.878549,81.012115,109.937870
2026-09-27,today,2026-09-27 05:10:00,6191.738644,80.331046,109.325954
2026-09-27,today,2026-09-27 05:15:00,6223.181425,80.331046,109.325954
2026-09-27,today,2026-09-27 05:20:00,6201.399658,80.331046,109.325954
2026-09-27,today,2026-09-27 05:25:00,6211.444194,81.385477,110.942423
2026-09-27,today,2026-09-27 05:30:00,6211.444194,80.331046,109.325954
2026-09-27,today,2026-09-27 05:35:00,6211.444194,80.331046,109.325954
2026-09-27,today,2026-09-27 05:40:00,6213.930610,80.331046,109.325954
2026-09-27,today,2026-09-27 05:45:00,6163.141318,80.331046,109.325954
2026-09-27,today,2026-09-27 05:50:00,6139.305599,80.331046,109.325954
2026-09-27,today,2026-09-27 05:55:00,6092.615196,80.331046,109.325954
2026-09-27,today,2026-09-27 06:00:00,6127.917710,80.331046,109.325954
2026-09-27,today,2026-09-27 06:05:00,6163.317894,80.331046,105.185042
2026-09-27,today,2026-09-27 06:10:00,6148.904497,77.457254,109.325954
2026-09-27,today,2026-09-27 06:15:00,6197.207372,77.457254,105.185042
2026-09-27,today,2026-09-27 06:20:00,6162.351846,68.433972,98.978762
2026-09-27,today,2026-09-27 06:25:00,6152.690832,71.318906,101.846652
2026-09-27,today,2026-09-27 06:30:00,6079.799459,59.301990,98.710360
2026-09-27,today,2026-09-27 06:35:00,6118.170631,33.099372,83.999644
2026-09-27,today,2026-09-27 06:40:00,6082.868117,28.310290,82.059090
2026-09-27,today,2026-09-27 06:45:00,6091.734632,48.952000,96.000329
2026-09-27,today,2026-09-27 06:50:00,6055.988781,5.725371,69.870969
2026-09-27,today,2026-09-27 06:55:00,5972.789712,5.487472,69.189633
2026-09-27,today,2026-09-27 07:00:00,6016.416998,2.319983,67.418720
2026-09-27,today,2026-09-27 07:05:00,6016.416998,5.562851,68.081671
2026-09-27,today,2026-09-27 07:10:00,5888.877769,6.994221,68.553353
2026-09-27,today,2026-09-27 07:15:00,5939.746063,6.222627,67.871817
2026-09-27,today,2026-09-27 07:20:00,5888.877769,2.799142,67.210909
2026-09-27,today,2026-09-27 07:25:00,5888.877769,5.975165,67.457295
2026-09-27,today,2026-09-27 07:30:00,5744.170610,6.994221,65.969054
2026-09-27,today,2026-09-27 07:35:00,5616.271550,6.994221,65.682842
2026-09-27,today,2026-09-27 07:40:00,5592.638759,3.847404,65.043244
2026-09-27,today,2026-09-27 07:45:00,5616.271550,3.431822,65.043244
2026-09-27,today,2026-09-27 07:50:00,5616.271550,5.975165,65.682842
2026-09-27,today,2026-09-27 07:55:00,5592.638759,5.975165,65.682842
2026-09-27,today,2026-09-27 08:00:00,5581.498740,5.211878,65.688353
2026-09-27,today,2026-09-27 08:05:00,5616.271550,3.431822,65.043244
2026-09-27,today,2026-09-27 08:10:00,5616.271550,4.405545,65.682842
2026-09-27,today,2026-09-27 08:15:00,5655.746960,4.713654,65.688353
2026-09-27,today,2026-09-27 08:20:00,5655.746960,5.878830,65.688353
2026-09-27,today,2026-09-27 08:25:00,5644.606941,5.878830,65.688353
2026-09-27,today,2026-09-27 08:30:00,5623.878751,5.865539,63.536166
2026-09-27,today,2026-09-27 08:35:00,5284.057403,2.895798,60.001111
2026-09-27,today,2026-09-27 08:40:00,5284.057403,2.895798,60.001111
2026-09-27,today,2026-09-27 08:45:00,5207.056692,3.000088,60.001111
2026-09-27,today,2026-09-27 08:50:00,5209.936729,2.443186,60.408322
2026-09-27,today,2026-09-27 08:55:00,5269.552745,2.921630,59.636029
2026-09-27,today,2026-09-27 09:00:00,5266.395196,2.315355,59.636029
2026-09-27,today,2026-09-27 09:05:00,5266.395196,0.981092,59.636029
2026-09-27,today,2026-09-27 09:10:00,5245.534887,3.738070,61.078608
2026-09-27,today,2026-09-27 09:15:00,5269.727095,3.738070,61.078608
2026-09-27,today,2026-09-27 09:20:00,5206.639423,2.315355,56.626212
2026-09-27,today,2026-09-27 09:25:00,5206.639423,2.315355,57.420591
2026-09-27,today,2026-09-27 09:30:00,5208.162601,0.981092,57.420591
2026-09-27,today,2026-09-27 09:35:00,5250.037086,0.981092,56.451105
2026-09-27,today,2026-09-27 09:40:00,5250.037086,3.550891,57.985251
2026-09-27,today,2026-09-27 09:45:00,5225.871050,2.315355,56.451105
2026-09-27,today,2026-09-27 09:50:00,5225.871050,0.981092,56.451105
2026-09-27,today,2026-09-27 09:55:00,5225.871050,0.981092,56.451105
2026-09-27,today,2026-09-27 10:00:00,5166.515484,0.981092,56.451105
2026-09-27,today,2026-09-27 10:05:00,5045.515718,0.981092,56.451105
2026-09-27,today,2026-09-27 10:10:00,5166.515484,1.995395,57.006234
2026-09-27,today,2026-09-27 10:15:00,5166.515484,4.533171,57.006234
2026-09-27,today,2026-09-27 10:20:00,5139.034999,2.308318,56.451105
2026-09-27,today,2026-09-27 10:25:00,5139.034999,2.308318,56.451105
2026-09-27,today,2026-09-27 10:30:00,5093.454579,2.308318,56.451105
2026-09-27,today,2026-09-27 10:35:00,5091.625554,2.308318,56.451105
2026-09-27,today,2026-09-27 10:40:00,5091.625554,0.981092,56.451105
2026-09-27,today,2026-09-27 10:45:00,4990.473199,0.981092,56.451105
2026-09-27,today,2026-09-27 10:50:00,4990.473199,2.308318,56.451105
2026-09-27,today,2026-09-27 10:55:00,4990.473199,2.308318,56.451105
2026-09-27,today,2026-09-27 11:00:00,4946.128629,2.308318,54.924427
2026-09-27,today,2026-09-27 11:05:00,5043.116816,0.868763,54.924427
2026-09-27,today,2026-09-27 11:10:00,4990.473199,2.308318,56.451105
2026-09-27,today,2026-09-27 11:15:00,4990.473199,2.308318,56.451105
2026-09-27,today,2026-09-27 11:20:00,4990.473199,0.868763,56.451105
2026-09-27,today,2026-09-27 11:25:00,4946.128629,0.701198,54.924427
2026-09-27,today,2026-09-27 11:30:00,5087.461387,0.868763,56.451105
2026-09-27,today,2026-09-27 11:35:00,5087.461387,0.868763,56.451105
2026-09-27,today,2026-09-27 11:40:00,5043.116816,2.308318,54.924427
2026-09-27,today,2026-09-27 11:45:00,5087.461387,2.308318,56.451105
2026-09-27,today,2026-09-27 11:50:00,5087.461387,0.868763,56.451105
2026-09-27,today,2026-09-27 11:55:00,5208.461152,0.868763,56.451105
2026-09-27,today,2026-09-27 12:00:00,5113.472073,0.868763,56.451105
2026-09-27,today,2026-09-27 12:05:00,5069.127503,0.868763,54.924427
2026-09-27,today,2026-09-27 12:10:00,5113.472073,0.868763,56.451105
2026-09-27,today,2026-09-27 12:15:00,5113.472073,2.308318,56.451105
2026-09-27,today,2026-09-27 12:20:00,5104.916368,0.981092,56.451105
2026-09-27,today,2026-09-27 12:25:00,5104.916368,0.868763,56.451105
2026-09-27,today,2026-09-27 12:30:00,5104.916368,0.868763,56.451105
2026-09-27,today,2026-09-27 12:35:00,5104.916368,2.308318,56.451105
2026-09-27,today,2026-09-27 12:40:00,5225.916134,0.868763,56.451105
2026-09-27,today,2026-09-27 12:45:00,5007.928181,0.981092,56.451105
2026-09-27,today,2026-09-27 12:50:00,5225.916134,2.301661,56.451105
2026-09-27,today,2026-09-27 12:55:00,5128.927947,2.301661,56.451105
2026-09-27,today,2026-09-27 13:00:00,5132.141163,2.301661,56.451105
2026-09-27,today,2026-09-27 13:05:00,5132.141163,2.301661,56.451105
2026-09-27,today,2026-09-27 13:10:00,5191.496729,2.301661,56.451105
2026-09-27,today,2026-09-27 13:15:00,5237.445348,2.301661,56.451105
2026-09-27,today,2026-09-27 13:20:00,5261.611384,2.301661,56.949424
2026-09-27,today,2026-09-27 13:25:00,5261.611384,2.301661,58.946768
2026-09-27,today,2026-09-27 13:30:00,5260.780223,2.301661,58.946768
2026-09-27,today,2026-09-27 13:35:00,5323.867895,2.428852,62.962430
2026-09-27,today,2026-09-27 13:40:00,5297.128053,1.508401,62.327385
2026-09-27,today,2026-09-27 13:45:00,5297.128053,2.980780,62.761867
2026-09-27,today,2026-09-27 13:50:00,5574.826634,4.872819,66.959546
2026-09-27,today,2026-09-27 13:55:00,5527.219033,4.904433,73.306182
2026-09-27,today,2026-09-27 14:00:00,5510.027818,4.904433,73.306182
2026-09-27,today,2026-09-27 14:05:00,5523.005758,4.904433,73.306182
2026-09-27,today,2026-09-27 14:10:00,5500.242893,2.449567,73.300031
2026-09-27,today,2026-09-27 14:15:00,5498.950300,4.004763,72.586277
2026-09-27,today,2026-09-27 14:20:00,5470.079576,3.959958,72.586277
2026-09-27,today,2026-09-27 14:25:00,5453.249378,3.959958,76.237733
2026-09-27,today,2026-09-27 14:30:00,5485.116151,4.979588,74.394631
2026-09-27,today,2026-09-27 14:35:00,5490.747937,4.195681,75.959284
2026-09-27,today,2026-09-27 14:40:00,5749.307653,3.963876,77.612962
2026-09-27,today,2026-09-27 14:45:00,6031.716663,1.875810,76.709692
2026-09-27,today,2026-09-27 14:50:00,6071.366248,1.875810,75.914126
2026-09-27,today,2026-09-27 14:55:00,6130.824721,2.094614,75.914126
2026-09-27,today,2026-09-27 15:00:00,6165.735867,3.107743,75.914126
2026-09-27,today,2026-09-27 15:05:00,6154.635571,2.094614,75.914126
2026-09-27,today,2026-09-27 15:10:00,6355.328017,1.875810,78.225405
2026-09-27,today,2026-09-27 15:15:00,6421.734024,1.780172,80.524000
2026-09-27,today,2026-09-27 15:20:00,6480.735237,1.726296,78.225405
2026-09-27,today,2026-09-27 15:25:00,6509.225564,3.105331,83.244074
2026-09-27,today,2026-09-27 15:30:00,6526.868343,1.665573,83.244074
2026-09-27,today,2026-09-27 15:35:00,6724.499065,17.131344,93.112489
2026-09-27,today,2026-09-27 15:40:00,6849.792052,2.362393,87.156410
2026-09-27,today,2026-09-27 15:45:00,6965.060631,5.243187,90.779987
2026-09-27,today,2026-09-27 15:50:00,7130.153282,18.869974,99.063050
2026-09-27,today,2026-09-27 15:55:00,7169.276274,6.356474,99.808120
2026-09-27,today,2026-09-27 16:00:00,7302.839179,37.200539,113.669771
2026-09-27,today,2026-09-27 16:05:00,7273.999351,32.534635,111.210602
2026-09-27,today,2026-09-27 16:10:00,7295.247116,42.025005,115.119745
2026-09-27,today,2026-09-27 16:15:00,7366.249454,42.510068,121.304699
2026-09-27,today,2026-09-27 16:20:00,7366.249454,34.740312,120.975524
2026-09-27,today,2026-09-27 16:25:00,7528.182416,56.722556,131.148825
2026-09-27,today,2026-09-27 16:30:00,7549.715784,60.992326,131.155647
2026-09-27,today,2026-09-27 16:35:00,7632.628682,57.571110,130.916834
2026-09-27,today,2026-09-27 16:40:00,7711.496718,57.571110,130.916834
2026-09-27,today,2026-09-27 16:45:00,7724.749436,60.985174,131.267399
2026-09-27,today,2026-09-27 16:50:00,7991.804129,62.635608,133.309078
2026-09-27,today,2026-09-27 16:55:00,8084.329403,74.429524,139.861192
2026-09-27,today,2026-09-27 17:00:00,8225.058022,78.852306,143.829465
2026-09-27,today,2026-09-27 17:05:00,8280.425662,78.852306,143.829465
2026-09-27,today,2026-09-27 17:10:00,8243.817459,74.103434,153.384040
2026-09-27,today,2026-09-27 17:15:00,8323.435708,84.248151,143.829465
2026-09-27,today,2026-09-27 17:20:00,8364.096596,83.111142,154.488008
2026-09-27,today,2026-09-27 17:25:00,8376.177303,88.437172,144.118551
2026-09-27,today,2026-09-27 17:30:00,8382.383121,89.016985,144.118551
2026-09-27,today,2026-09-27 17:35:00,8422.272198,81.464116,147.408885
2026-09-27,today,2026-09-27 17:40:00,8531.829239,85.233910,153.692329
2026-09-27,today,2026-09-27 17:45:00,8515.853175,89.016985,144.118551
2026-09-27,today,2026-09-27 17:50:00,8405.883469,81.464116,147.408885
2026-09-27,today,2026-09-27 17:55:00,8551.293581,85.233910,153.692329
2026-09-27,today,2026-09-27 18:00:00,8611.926675,85.233910,153.692329
2026-09-27,today,2026-09-27 18:05:00,8535.317517,81.464116,147.408885
2026-09-27,today,2026-09-27 18:10:00,8494.927275,81.464116,147.408885
2026-09-27,today,2026-09-27 18:15:00,8513.595663,84.024161,153.692329
2026-09-27,today,2026-09-27 18:20:00,8513.735674,83.656042,153.692329
2026-09-27,today,2026-09-27 18:25:00,8611.926675,81.464116,147.408885
2026-09-27,today,2026-09-27 18:30:00,8632.577226,83.656042,155.313418
2026-09-27,today,2026-09-27 18:35:00,8616.601162,89.016985,144.118551
2026-09-27,today,2026-09-27 18:40:00,8575.455599,84.024161,153.692329
2026-09-27,today,2026-09-27 18:45:00,8575.455599,81.464116,146.673463
2026-09-27,today,2026-09-27 18:50:00,8473.082547,85.233910,152.925560
2026-09-27,today,2026-09-27 18:55:00,8482.965217,89.016985,143.310726
2026-09-27,today,2026-09-27 19:00:00,8377.213929,81.464116,145.609562
2026-09-27,today,2026-09-27 19:05:00,8444.811986,89.016985,141.290334
2026-09-27,today,2026-09-27 19:10:00,8293.315566,89.016985,140.520985
2026-09-27,today,2026-09-27 19:15:00,8274.650527,89.016985,139.544255
2026-09-27,today,2026-09-27 19:20:00,8239.856184,85.233910,147.873970
2026-09-27,today,2026-09-27 19:25:00,8224.916549,81.464116,141.828390
2026-09-27,today,2026-09-27 19:30:00,8211.707209,83.656042,149.188525
2026-09-27,today,2026-09-27 19:35:00,8196.508141,89.016985,138.317262
2026-09-27,today,2026-09-27 19:40:00,8085.332134,84.024161,145.343736
2026-09-27,today,2026-09-27 19:45:00,8080.793131,89.016985,135.820204
2026-09-27,today,2026-09-27 19:50:00,8080.793131,83.656042,145.215572
2026-09-27,today,2026-09-27 19:55:00,8137.404549,84.024161,144.842751
2026-09-27,today,2026-09-27 20:00:00,8031.146180,84.024161,144.842751
2026-09-27,today,2026-09-27 20:05:00,8036.225214,79.879484,137.824937
2026-09-27,today,2026-09-27 20:10:00,8016.736512,83.656042,144.842751
2026-09-27,today,2026-09-27 20:15:00,8010.486557,83.656042,143.765922
2026-09-27,today,2026-09-27 20:20:00,7995.324268,83.656042,143.765922
2026-09-27,today,2026-09-27 20:25:00,7949.736818,81.464116,136.664373
2026-09-27,today,2026-09-27 20:30:00,7975.551674,81.464116,136.800280
2026-09-27,today,2026-09-27 20:35:00,7905.135326,84.024161,142.555334
2026-09-27,today,2026-09-27 20:40:00,7901.385727,89.016985,134.144532
2026-09-27,today,2026-09-27 20:45:00,7791.801102,83.656042,141.673275
2026-09-27,today,2026-09-27 20:50:00,7856.422228,81.464116,135.648343
2026-09-27,today,2026-09-27 20:55:00,7686.339061,79.879484,132.754250
2026-09-27,today,2026-09-27 21:00:00,7684.417227,89.016985,130.224842
2026-09-27,today,2026-09-27 21:05:00,7596.516000,89.016985,126.552724
2026-09-27,today,2026-09-27 21:10:00,7620.729871,81.464116,131.823301
2026-09-27,today,2026-09-27 21:15:00,7613.304742,81.464116,131.823301
2026-09-27,today,2026-09-27 21:20:00,7526.835641,89.016985,125.228980
2026-09-27,today,2026-09-27 21:25:00,7454.663595,89.016985,125.980237
2026-09-27,today,2026-09-27 21:30:00,7515.169266,81.464116,131.823301
2026-09-27,today,2026-09-27 21:35:00,7465.615566,81.464116,131.037203
2026-09-27,today,2026-09-27 21:40:00,7465.615566,83.656042,134.833898
2026-09-27,today,2026-09-27 21:45:00,7434.311122,81.464116,131.037203
2026-09-27,today,2026-09-27 21:50:00,7378.258679,81.464116,130.704802
2026-09-27,today,2026-09-27 21:55:00,7356.556810,83.656042,135.066390
2026-09-27,today,2026-09-27 22:00:00,7321.412164,81.464116,130.704802
2026-09-27,today,2026-09-27 22:05:00,7259.303550,81.464116,130.704802
2026-09-27,today,2026-09-27 22:10:00,7405.714665,81.464116,131.037203
2026-09-27,today,2026-09-27 22:15:00,7424.831117,83.656042,135.409883
2026-09-27,today,2026-09-27 22:20:00,7479.903783,84.024161,134.833898
2026-09-27,today,2026-09-27 22:25:00,7395.331089,83.656042,134.833898
2026-09-27,today,2026-09-27 22:30:00,7390.622845,81.464116,131.037203
2026-09-27,today,2026-09-27 22:35:00,7381.758723,89.016985,125.228980
2026-09-27,today,2026-09-27 22:40:00,7372.182586,89.016985,125.228980
2026-09-27,today,2026-09-27 22:45:00,7347.164225,89.016985,125.228980
2026-09-27,today,2026-09-27 22:50:00,7220.626204,81.464116,130.704802
2026-09-27,today,2026-09-27 22:55:00,7224.228135,81.464116,130.704802
2026-09-27,today,2026-09-27 23:00:00,7271.693177,81.464116,130.704802
2026-09-27,today,2026-09-27 23:05:00,7221.194504,89.016985,124.911312
2026-09-27,today,2026-09-27 23:10:00,7179.726410,89.016985,124.911312
2026-09-27,today,2026-09-27 23:15:00,7135.131856,89.016985,124.911312
2026-09-27,today,2026-09-27 23:20:00,7098.578734,89.016985,124.904815
2026-09-27,today,2026-09-27 23:25:00,7098.578734,79.879484,130.698004
2026-09-27,today,2026-09-27 23:30:00,7134.891502,89.016985,124.904815
2026-09-27,today,2026-09-27 23:35:00,7084.770317,89.016985,124.904815
2026-09-27,today,2026-09-27 23:40:00,6980.300039,89.016985,124.904815
2026-09-27,today,2026-09-27 23:45:00,7039.006187,89.016985,124.904815
2026-09-27,today,2026-09-27 23:50:00,6980.300039,89.016985,124.904815
2026-09-27,today,2026-09-27 23:55:00,6997.808987,89.016985,124.904815
2026-09-27,today,2026-09-28 00:00:00,6854.106116,74.363037,112.427852
2026-09-27,tomorrow,2026-09-28 00:05:00,6800.673548,77.515649,141.297946
2026-09-27,tomorrow,2026-09-28 00:10:00,6869.851562,77.515649,141.297946
2026-09-27,tomorrow,2026-09-28 00:15:00,6895.207697,77.515649,148.174099
2026-09-27,tomorrow,2026-09-28 00:20:00,6849.676124,77.515649,141.297946
2026-09-27,tomorrow,2026-09-28 00:25:00,6825.884047,77.515649,148.174099
2026-09-27,tomorrow,2026-09-28 00:30:00,6814.777336,77.515649,141.297946
2026-09-27,tomorrow,2026-09-28 00:35:00,6777.671121,77.515649,141.297946
2026-09-27,tomorrow,2026-09-28 00:40:00,6746.537439,77.515649,141.297946
2026-09-27,tomorrow,2026-09-28 00:45:00,6685.523467,77.515649,141.297946
2026-09-27,tomorrow,2026-09-28 00:50:00,6654.254668,77.515649,139.922954
2026-09-27,tomorrow,2026-09-28 00:55:00,6595.608999,77.515649,138.637395
2026-09-27,tomorrow,2026-09-28 01:00:00,6573.442686,77.515649,138.135804
2026-09-27,tomorrow,2026-09-28 01:05:00,6579.844186,77.515649,138.637395
2026-09-27,tomorrow,2026-09-28 01:10:00,6556.642300,77.515649,138.637395
2026-09-27,tomorrow,2026-09-28 01:15:00,6520.828363,77.515649,138.135804
2026-09-27,tomorrow,2026-09-28 01:20:00,6520.828363,77.515649,138.135804
2026-09-27,tomorrow,2026-09-28 01:25:00,6437.743210,77.515649,137.801059
2026-09-27,tomorrow,2026-09-28 01:30:00,6407.660188,77.515649,139.362850
2026-09-27,tomorrow,2026-09-28 01:35:00,6383.046618,77.515649,136.903997
2026-09-27,tomorrow,2026-09-28 01:40:00,6399.112347,77.515649,136.903997
2026-09-27,tomorrow,2026-09-28 01:45:00,6370.018538,77.515649,136.903997
2026-09-27,tomorrow,2026-09-28 01:50:00,6390.372607,77.515649,137.401115
2026-09-27,tomorrow,2026-09-28 01:55:00,6348.891070,77.515649,136.159931
2026-09-27,tomorrow,2026-09-28 02:00:00,6341.401199,77.515649,137.204912
2026-09-27,tomorrow,2026-09-28 02:05:00,6319.021628,77.515649,137.204912
2026-09-27,tomorrow,2026-09-28 02:10:00,6319.021628,77.515649,137.204912
2026-09-27,tomorrow,2026-09-28 02:15:00,6334.006154,77.515649,136.159931
2026-09-27,tomorrow,2026-09-28 02:20:00,6318.399576,77.515649,136.159931
2026-09-27,tomorrow,2026-09-28 02:25:00,6257.494973,77.515649,136.159931
2026-09-27,tomorrow,2026-09-28 02:30:00,6232.022869,77.515649,137.204912
2026-09-27,tomorrow,2026-09-28 02:35:00,6232.022869,77.515649,135.667303
2026-09-27,tomorrow,2026-09-28 02:40:00,6276.618847,77.515649,136.159931
2026-09-27,tomorrow,2026-09-28 02:45:00,6268.597842,77.515649,136.159931
2026-09-27,tomorrow,2026-09-28 02:50:00,6268.597842,77.515649,136.159931
2026-09-27,tomorrow,2026-09-28 02:55:00,6260.292019,77.515649,136.159931
2026-09-27,tomorrow,2026-09-28 03:00:00,6212.491408,77.515649,136.159931
2026-09-27,tomorrow,2026-09-28 03:05:00,6277.441780,77.515649,136.159931
2026-09-27,tomorrow,2026-09-28 03:10:00,6296.166306,77.515649,136.159931
2026-09-27,tomorrow,2026-09-28 03:15:00,6207.280337,77.515649,136.159931
2026-09-27,tomorrow,2026-09-28 03:20:00,6250.889689,77.515649,136.159931
2026-09-27,tomorrow,2026-09-28 03:25:00,6291.776941,77.515649,138.573312
2026-09-27,tomorrow,2026-09-28 03:30:00,6273.052414,77.515649,138.573312
2026-09-27,tomorrow,2026-09-28 03:35:00,6273.052414,77.515649,138.573312
2026-09-27,tomorrow,2026-09-28 03:40:00,6207.280337,77.515649,138.573312
2026-09-27,tomorrow,2026-09-28 03:45:00,6250.889689,77.515649,138.071953
2026-09-27,tomorrow,2026-09-28 03:50:00,6207.280337,77.515649,138.573312
2026-09-27,tomorrow,2026-09-28 03:55:00,6207.280337,77.515649,139.494248
2026-09-27,tomorrow,2026-09-28 04:00:00,6248.208061,77.515649,138.431832
2026-09-27,tomorrow,2026-09-28 04:05:00,6263.748500,77.515649,139.494248
2026-09-27,tomorrow,2026-09-28 04:10:00,6288.233978,77.515649,137.930985
2026-09-27,tomorrow,2026-09-28 04:15:00,6291.425973,77.515649,139.228450
2026-09-27,tomorrow,2026-09-28 04:20:00,6332.353697,77.515649,139.228450
2026-09-27,tomorrow,2026-09-28 04:25:00,6315.249412,77.515649,139.798644
2026-09-27,tomorrow,2026-09-28 04:30:00,6320.460483,77.515649,139.798644
2026-09-27,tomorrow,2026-09-28 04:35:00,6460.024883,77.515649,143.794582
2026-09-27,tomorrow,2026-09-28 04:40:00,6419.097160,77.515649,143.794582
2026-09-27,tomorrow,2026-09-28 04:45:00,6410.902308,77.515649,144.794942
2026-09-27,tomorrow,2026-09-28 04:50:00,6410.902308,77.515649,145.207854
2026-09-27,tomorrow,2026-09-28 04:55:00,6552.875521,77.515649,144.794942
2026-09-27,tomorrow,2026-09-28 05:00:00,6550.557601,77.515649,149.611752
2026-09-27,tomorrow,2026-09-28 05:05:00,6602.983006,77.515649,150.592077
2026-09-27,tomorrow,2026-09-28 05:10:00,6602.983006,77.515649,150.592077
2026-09-27,tomorrow,2026-09-28 05:15:00,6712.253256,77.515649,152.177571
2026-09-27,tomorrow,2026-09-28 05:20:00,6751.041107,77.515649,152.177571
2026-09-27,tomorrow,2026-09-28 05:25:00,6807.280071,77.515649,152.177571
2026-09-27,tomorrow,2026-09-28 05:30:00,6820.766404,77.515649,152.547238
2026-09-27,tomorrow,2026-09-28 05:35:00,6869.949293,77.515649,152.177571
2026-09-27,tomorrow,2026-09-28 05:40:00,6930.374256,77.515649,152.547238
2026-09-27,tomorrow,2026-09-28 05:45:00,7012.003214,77.515649,152.547238
2026-09-27,tomorrow,2026-09-28 05:50:00,7058.312445,77.515649,155.474715
2026-09-27,tomorrow,2026-09-28 05:55:00,7096.269834,77.515649,155.474715
2026-09-27,tomorrow,2026-09-28 06:00:00,7161.787437,77.515649,155.474715
2026-09-27,tomorrow,2026-09-28 06:05:00,7165.752846,78.299995,154.871542
2026-09-27,tomorrow,2026-09-28 06:10:00,7274.138694,78.299995,165.442903
2026-09-27,tomorrow,2026-09-28 06:15:00,7305.450230,77.665850,166.160760
2026-09-27,tomorrow,2026-09-28 06:20:00,7371.532902,77.665850,159.622868
2026-09-27,tomorrow,2026-09-28 06:25:00,7425.581247,77.665850,164.450674
2026-09-27,tomorrow,2026-09-28 06:30:00,7360.899115,74.562928,161.501947
2026-09-27,tomorrow,2026-09-28 06:35:00,7326.832308,68.883879,149.566352
2026-09-27,tomorrow,2026-09-28 06:40:00,7388.475136,71.387876,148.685784
2026-09-27,tomorrow,2026-09-28 06:45:00,7401.095892,63.625162,146.672704
2026-09-27,tomorrow,2026-09-28 06:50:00,7394.879675,27.309261,109.936139
2026-09-27,tomorrow,2026-09-28 06:55:00,7360.354860,21.851220,101.868927
2026-09-27,tomorrow,2026-09-28 07:00:00,7326.540437,21.851220,103.474486
2026-09-27,tomorrow,2026-09-28 07:05:00,7322.256940,43.322924,114.148635
2026-09-27,tomorrow,2026-09-28 07:10:00,7377.513254,41.452078,106.814000
2026-09-27,tomorrow,2026-09-28 07:15:00,7327.210778,41.340071,104.582209
2026-09-27,tomorrow,2026-09-28 07:20:00,7360.125427,20.616490,93.791694
2026-09-27,tomorrow,2026-09-28 07:25:00,7322.870380,39.554805,99.700418
2026-09-27,tomorrow,2026-09-28 07:30:00,7387.531254,42.066695,95.777675
2026-09-27,tomorrow,2026-09-28 07:35:00,7424.887501,42.066695,93.865784
2026-09-27,tomorrow,2026-09-28 07:40:00,7363.475498,23.674254,84.677753
2026-09-27,tomorrow,2026-09-28 07:45:00,7276.409405,26.413758,85.266232
2026-09-27,tomorrow,2026-09-28 07:50:00,7276.195522,40.799588,88.354174
2026-09-27,tomorrow,2026-09-28 07:55:00,7242.015250,41.375081,88.354174
2026-09-27,tomorrow,2026-09-28 08:00:00,7100.990725,17.859050,80.744800
2026-09-27,tomorrow,2026-09-28 08:05:00,7166.394124,19.862004,80.744800
2026-09-27,tomorrow,2026-09-28 08:10:00,7158.283365,19.862004,82.357878
2026-09-27,tomorrow,2026-09-28 08:15:00,7095.317958,15.683818,85.512973
2026-09-27,tomorrow,2026-09-28 08:20:00,7037.042215,14.772314,76.456682
2026-09-27,tomorrow,2026-09-28 08:25:00,6877.368439,15.683818,83.745650
2026-09-27,tomorrow,2026-09-28 08:30:00,6932.373923,14.469567,75.256112
2026-09-27,tomorrow,2026-09-28 08:35:00,6754.986143,10.827667,68.537765
2026-09-27,tomorrow,2026-09-28 08:40:00,6809.364517,10.827667,67.166758
2026-09-27,tomorrow,2026-09-28 08:45:00,6790.865357,11.235872,67.166758
2026-09-27,tomorrow,2026-09-28 08:50:00,6712.036561,11.391512,67.166758
2026-09-27,tomorrow,2026-09-28 08:55:00,6761.268311,11.393684,67.166758
2026-09-27,tomorrow,2026-09-28 09:00:00,6743.624424,9.048750,67.166758
2026-09-27,tomorrow,2026-09-28 09:05:00,6723.623681,9.048750,67.166758
2026-09-27,tomorrow,2026-09-28 09:10:00,6723.623681,9.053700,72.554342
2026-09-27,tomorrow,2026-09-28 09:15:00,6700.972971,11.393684,70.907613
2026-09-27,tomorrow,2026-09-28 09:20:00,6743.034998,11.399904,69.518766
2026-09-27,tomorrow,2026-09-28 09:25:00,6743.034998,11.399904,69.518766
2026-09-27,tomorrow,2026-09-28 09:30:00,6760.128541,11.393684,69.518766
2026-09-27,tomorrow,2026-09-28 09:35:00,6760.128541,10.284504,69.518766
2026-09-27,tomorrow,2026-09-28 09:40:00,6766.496551,11.393684,70.907613
2026-09-27,tomorrow,2026-09-28 09:45:00,6766.496551,10.284504,69.518766
2026-09-27,tomorrow,2026-09-28 09:50:00,6426.674589,9.945044,69.518766
2026-09-27,tomorrow,2026-09-28 09:55:00,6443.768133,9.945044,69.518766
2026-09-27,tomorrow,2026-09-28 10:00:00,6440.529246,9.945044,69.518766
2026-09-27,tomorrow,2026-09-28 10:05:00,6431.253301,8.257424,69.518766
2026-09-27,tomorrow,2026-09-28 10:10:00,6443.768133,33.283742,78.073139
2026-09-27,tomorrow,2026-09-28 10:15:00,6440.529246,33.091553,78.073139
2026-09-27,tomorrow,2026-09-28 10:20:00,6434.509405,9.716155,65.642285
2026-09-27,tomorrow,2026-09-28 10:25:00,6413.886263,9.887354,65.642285
2026-09-27,tomorrow,2026-09-28 10:30:00,6413.886263,9.716155,65.642285
2026-09-27,tomorrow,2026-09-28 10:35:00,6413.886263,9.716155,65.642285
2026-09-27,tomorrow,2026-09-28 10:40:00,6438.562368,9.716155,65.642285
2026-09-27,tomorrow,2026-09-28 10:45:00,6412.142280,9.716155,65.642285
2026-09-27,tomorrow,2026-09-28 10:50:00,6384.768551,8.209416,65.642285
2026-09-27,tomorrow,2026-09-28 10:55:00,6380.129765,6.936031,65.642285
2026-09-27,tomorrow,2026-09-28 11:00:00,6262.349771,8.209416,65.642285
2026-09-27,tomorrow,2026-09-28 11:05:00,6262.349771,6.936031,65.642285
2026-09-27,tomorrow,2026-09-28 11:10:00,6335.431342,9.716155,65.642285
2026-09-27,tomorrow,2026-09-28 11:15:00,6327.510800,8.209416,69.518766
2026-09-27,tomorrow,2026-09-28 11:20:00,6327.510800,8.209416,65.642285
2026-09-27,tomorrow,2026-09-28 11:25:00,6327.510800,7.295535,69.518766
2026-09-27,tomorrow,2026-09-28 11:30:00,6326.937107,8.209416,69.518766
2026-09-27,tomorrow,2026-09-28 11:35:00,6309.377077,7.295535,69.518766
2026-09-27,tomorrow,2026-09-28 11:40:00,6212.831239,8.209416,69.518766
2026-09-27,tomorrow,2026-09-28 11:45:00,6286.983720,6.513099,69.518766
2026-09-27,tomorrow,2026-09-28 11:50:00,6298.363660,5.784749,69.518766
2026-09-27,tomorrow,2026-09-28 11:55:00,6288.418754,7.717470,69.518766
2026-09-27,tomorrow,2026-09-28 12:00:00,6272.463445,6.853711,69.518766
2026-09-27,tomorrow,2026-09-28 12:05:00,6159.561393,6.516682,72.146119
2026-09-27,tomorrow,2026-09-28 12:10:00,6272.526164,6.516682,72.146119
2026-09-27,tomorrow,2026-09-28 12:15:00,6267.239817,5.784749,65.642285
2026-09-27,tomorrow,2026-09-28 12:20:00,6218.546716,6.515583,69.518766
2026-09-27,tomorrow,2026-09-28 12:25:00,6207.166776,6.515583,69.518766
2026-09-27,tomorrow,2026-09-28 12:30:00,6207.166776,6.515583,69.518766
2026-09-27,tomorrow,2026-09-28 12:35:00,6207.166776,6.519167,72.146119
2026-09-27,tomorrow,2026-09-28 12:40:00,6200.023789,7.222841,66.337017
2026-09-27,tomorrow,2026-09-28 12:45:00,6195.437578,7.226806,69.518766
2026-09-27,tomorrow,2026-09-28 12:50:00,6195.437578,7.226806,72.146119
2026-09-27,tomorrow,2026-09-28 12:55:00,6195.437578,7.322456,69.518766
2026-09-27,tomorrow,2026-09-28 13:00:00,6195.437578,6.842236,72.146119
2026-09-27,tomorrow,2026-09-28 13:05:00,6195.437578,6.842236,72.146119
2026-09-27,tomorrow,2026-09-28 13:10:00,6195.437578,6.842236,72.146119
2026-09-27,tomorrow,2026-09-28 13:15:00,6529.545937,7.077062,72.146119
2026-09-27,tomorrow,2026-09-28 13:20:00,6529.545937,7.077062,72.146119
2026-09-27,tomorrow,2026-09-28 13:25:00,6529.545937,7.844093,72.146119
2026-09-27,tomorrow,2026-09-28 13:30:00,6529.545937,7.844093,72.146119
2026-09-27,tomorrow,2026-09-28 13:35:00,6512.452393,7.844093,71.526640
2026-09-27,tomorrow,2026-09-28 13:40:00,6503.773013,7.844093,72.955592
2026-09-27,tomorrow,2026-09-28 13:45:00,6503.773013,6.970235,71.526640
2026-09-27,tomorrow,2026-09-28 13:50:00,6678.479012,6.970235,77.840960
2026-09-27,tomorrow,2026-09-28 13:55:00,6860.909648,11.228806,82.484105
2026-09-27,tomorrow,2026-09-28 14:00:00,7009.594077,15.882533,82.832775
2026-09-27,tomorrow,2026-09-28 14:05:00,6783.142894,11.228806,82.832775
2026-09-27,tomorrow,2026-09-28 14:10:00,6959.111583,27.172461,92.248632
2026-09-27,tomorrow,2026-09-28 14:15:00,6953.890267,15.882533,82.832775
2026-09-27,tomorrow,2026-09-28 14:20:00,6872.880387,15.882533,84.572659
2026-09-27,tomorrow,2026-09-28 14:25:00,6752.136834,20.330149,85.479800
2026-09-27,tomorrow,2026-09-28 14:30:00,6854.807188,18.577778,84.389962
2026-09-27,tomorrow,2026-09-28 14:35:00,6836.996674,24.206770,84.389962
2026-09-27,tomorrow,2026-09-28 14:40:00,6805.741631,24.206770,85.780488
2026-09-27,tomorrow,2026-09-28 14:45:00,6753.683345,25.017467,87.456331
2026-09-27,tomorrow,2026-09-28 14:50:00,6806.310383,25.017467,90.527486
2026-09-27,tomorrow,2026-09-28 14:55:00,6849.364871,25.017467,90.672262
2026-09-27,tomorrow,2026-09-28 15:00:00,6885.810805,24.206770,91.011182
2026-09-27,tomorrow,2026-09-28 15:05:00,6879.506329,25.017467,90.672262
2026-09-27,tomorrow,2026-09-28 15:10:00,6828.632771,25.017467,91.860549
2026-09-27,tomorrow,2026-09-28 15:15:00,6971.915172,21.775567,104.000555
2026-09-27,tomorrow,2026-09-28 15:20:00,7027.830891,26.320540,103.613268
2026-09-27,tomorrow,2026-09-28 15:25:00,7200.747293,24.392176,104.039818
2026-09-27,tomorrow,2026-09-28 15:30:00,7186.296591,20.027508,104.039818
2026-09-27,tomorrow,2026-09-28 15:35:00,7267.638762,29.639149,148.683634
2026-09-27,tomorrow,2026-09-28 15:40:00,7273.243175,22.936438,102.891298
2026-09-27,tomorrow,2026-09-28 15:45:00,7301.692422,25.105766,103.865497
2026-09-27,tomorrow,2026-09-28 15:50:00,7331.405581,31.986276,150.832454
2026-09-27,tomorrow,2026-09-28 15:55:00,7402.419577,25.426780,101.338735
2026-09-27,tomorrow,2026-09-28 16:00:00,7547.387603,32.366705,149.539952
2026-09-27,tomorrow,2026-09-28 16:05:00,7665.504116,31.938849,132.647045
2026-09-27,tomorrow,2026-09-28 16:10:00,7882.450999,33.243628,147.950024
2026-09-27,tomorrow,2026-09-28 16:15:00,7914.922357,33.243628,155.555043
2026-09-27,tomorrow,2026-09-28 16:20:00,7955.372109,32.551312,162.305761
2026-09-27,tomorrow,2026-09-28 16:25:00,8097.745705,38.090701,174.467580
2026-09-27,tomorrow,2026-09-28 16:30:00,8158.829880,53.358253,179.970167
2026-09-27,tomorrow,2026-09-28 16:35:00,8258.329651,53.358253,171.300194
2026-09-27,tomorrow,2026-09-28 16:40:00,8277.102994,53.358253,171.312587
2026-09-27,tomorrow,2026-09-28 16:45:00,8365.168028,67.247939,181.742847
2026-09-27,tomorrow,2026-09-28 16:50:00,8417.183886,75.281275,164.860280
2026-09-27,tomorrow,2026-09-28 16:55:00,8469.611684,77.168517,166.870061
2026-09-27,tomorrow,2026-09-28 17:00:00,8486.515206,77.168517,174.532708
2026-09-27,tomorrow,2026-09-28 17:05:00,8467.414741,77.168517,173.939267
2026-09-27,tomorrow,2026-09-28 17:10:00,8514.174475,77.168517,171.986894
2026-09-27,tomorrow,2026-09-28 17:15:00,8530.039118,83.135661,178.461853
2026-09-27,tomorrow,2026-09-28 17:20:00,8667.170935,89.064994,169.915488
2026-09-27,tomorrow,2026-09-28 17:25:00,8708.634782,89.064994,179.884498
2026-09-27,tomorrow,2026-09-28 17:30:00,8750.395740,89.064994,180.001231
2026-09-27,tomorrow,2026-09-28 17:35:00,8784.271694,89.064994,171.711111
2026-09-27,tomorrow,2026-09-28 17:40:00,9041.086460,89.064994,177.369710
2026-09-27,tomorrow,2026-09-28 17:45:00,9182.040317,89.064994,185.514483
2026-09-27,tomorrow,2026-09-28 17:50:00,9058.292398,89.064994,170.539199
2026-09-27,tomorrow,2026-09-28 17:55:00,9219.717973,89.064994,185.514483
2026-09-27,tomorrow,2026-09-28 18:00:00,9219.717973,89.064994,177.369710
2026-09-27,tomorrow,2026-09-28 18:05:00,9219.717973,89.064994,175.233475
2026-09-27,tomorrow,2026-09-28 18:10:00,9182.040317,89.064994,175.233475
2026-09-27,tomorrow,2026-09-28 18:15:00,9089.310267,89.064994,177.369710
2026-09-27,tomorrow,2026-09-28 18:20:00,9167.382957,89.064994,174.329264
2026-09-27,tomorrow,2026-09-28 18:25:00,9217.774510,89.064994,175.503839
2026-09-27,tomorrow,2026-09-28 18:30:00,9255.452165,89.064994,177.369710
2026-09-27,tomorrow,2026-09-28 18:35:00,9160.824026,89.064994,185.514483
2026-09-27,tomorrow,2026-09-28 18:40:00,9096.769518,89.064994,174.329264
2026-09-27,tomorrow,2026-09-28 18:45:00,8971.491251,89.064994,168.742776
2026-09-27,tomorrow,2026-09-28 18:50:00,9079.717934,89.064994,168.847657
2026-09-27,tomorrow,2026-09-28 18:55:00,9012.651537,89.064994,175.989543
2026-09-27,tomorrow,2026-09-28 19:00:00,8834.750238,89.064994,166.399947
2026-09-27,tomorrow,2026-09-28 19:05:00,8831.747904,89.064994,173.775925
2026-09-27,tomorrow,2026-09-28 19:10:00,8803.080482,89.064994,170.879817
2026-09-27,tomorrow,2026-09-28 19:15:00,8756.438259,89.064994,170.879817
2026-09-27,tomorrow,2026-09-28 19:20:00,8710.404048,89.064994,164.297497
2026-09-27,tomorrow,2026-09-28 19:25:00,8705.119663,89.064994,162.929363
2026-09-27,tomorrow,2026-09-28 19:30:00,8618.042452,89.064994,162.929363
2026-09-27,tomorrow,2026-09-28 19:35:00,8656.655053,89.064994,166.187253
2026-09-27,tomorrow,2026-09-28 19:40:00,8624.467647,89.064994,163.588799
2026-09-27,tomorrow,2026-09-28 19:45:00,8511.153849,89.064994,165.747818
2026-09-27,tomorrow,2026-09-28 19:50:00,8521.565450,89.064994,161.647998
2026-09-27,tomorrow,2026-09-28 19:55:00,8514.289629,89.064994,161.278585
2026-09-27,tomorrow,2026-09-28 20:00:00,8451.974329,89.064994,162.487966
2026-09-27,tomorrow,2026-09-28 20:05:00,8355.499246,89.064994,161.278757
2026-09-27,tomorrow,2026-09-28 20:10:00,8343.536441,89.064994,160.809833
2026-09-27,tomorrow,2026-09-28 20:15:00,8418.979256,89.064994,160.809833
2026-09-27,tomorrow,2026-09-28 20:20:00,8410.318312,89.064994,160.809833
2026-09-27,tomorrow,2026-09-28 20:25:00,8377.958318,89.064994,159.613112
2026-09-27,tomorrow,2026-09-28 20:30:00,8283.877168,89.064994,159.613112
2026-09-27,tomorrow,2026-09-28 20:35:00,8304.873373,89.064994,160.809833
2026-09-27,tomorrow,2026-09-28 20:40:00,8319.958519,89.064994,163.661324
2026-09-27,tomorrow,2026-09-28 20:45:00,8314.588962,89.064994,159.493799
2026-09-27,tomorrow,2026-09-28 20:50:00,8311.103642,89.064994,160.415595
2026-09-27,tomorrow,2026-09-28 20:55:00,8242.791412,89.064994,158.306871
2026-09-27,tomorrow,2026-09-28 21:00:00,8232.990501,89.064994,163.699332
2026-09-27,tomorrow,2026-09-28 21:05:00,8094.175739,89.064994,165.879884
2026-09-27,tomorrow,2026-09-28 21:10:00,8094.175739,89.064994,160.415595
2026-09-27,tomorrow,2026-09-28 21:15:00,8024.995980,89.064994,157.670917
2026-09-27,tomorrow,2026-09-28 21:20:00,8007.346507,89.064994,165.879884
2026-09-27,tomorrow,2026-09-28 21:25:00,7926.918070,89.064994,165.879884
2026-09-27,tomorrow,2026-09-28 21:30:00,7859.752485,88.614347,167.780046
2026-09-27,tomorrow,2026-09-28 21:35:00,7834.891398,88.614347,164.554302
2026-09-27,tomorrow,2026-09-28 21:40:00,7771.938578,88.614347,163.361721
2026-09-27,tomorrow,2026-09-28 21:45:00,7762.806105,88.614347,164.554302
2026-09-27,tomorrow,2026-09-28 21:50:00,7717.258132,88.614347,164.554302
2026-09-27,tomorrow,2026-09-28 21:55:00,7763.387240,88.614347,167.780046
2026-09-27,tomorrow,2026-09-28 22:00:00,7713.852837,88.614347,164.554302
2026-09-27,tomorrow,2026-09-28 22:05:00,7631.710509,88.614347,164.232039
2026-09-27,tomorrow,2026-09-28 22:10:00,7694.492914,88.614347,163.220587
2026-09-27,tomorrow,2026-09-28 22:15:00,7694.492914,88.614347,165.395881
2026-09-27,tomorrow,2026-09-28 22:20:00,7740.384424,88.614347,165.507156
2026-09-27,tomorrow,2026-09-28 22:25:00,7673.986993,88.614347,164.643509
2026-09-27,tomorrow,2026-09-28 22:30:00,7740.144534,88.614347,165.644839
2026-09-27,tomorrow,2026-09-28 22:35:00,7674.572972,88.614347,171.811594
2026-09-27,tomorrow,2026-09-28 22:40:00,7666.266698,88.614347,174.100201
2026-09-27,tomorrow,2026-09-28 22:45:00,7661.278557,88.614347,174.100201
2026-09-27,tomorrow,2026-09-28 22:50:00,7627.452429,88.614347,168.163510
2026-09-27,tomorrow,2026-09-28 22:55:00,7612.081899,88.614347,168.163510
2026-09-27,tomorrow,2026-09-28 23:00:00,7608.210569,88.614347,168.163510
2026-09-27,tomorrow,2026-09-28 23:05:00,7568.228589,88.614347,174.100201
2026-09-27,tomorrow,2026-09-28 23:10:00,7568.228589,88.614347,171.811594
2026-09-27,tomorrow,2026-09-28 23:15:00,7564.968199,88.614347,174.100201
2026-09-27,tomorrow,2026-09-28 23:20:00,7519.426762,88.614347,174.100201
2026-09-27,tomorrow,2026-09-28 23:25:00,7500.199313,88.614347,168.163510
2026-09-27,tomorrow,2026-09-28 23:30:00,7542.118590,88.614347,174.100201
2026-09-27,tomorrow,2026-09-28 23:35:00,7511.954502,88.614347,174.100201
2026-09-27,tomorrow,2026-09-28 23:40:00,7454.989862,88.614347,174.100201
2026-09-27,tomorrow,2026-09-28 23:45:00,7452.500771,88.614347,174.100201
2026-09-27,tomorrow,2026-09-28 23:50:00,7433.634072,88.614347,173.470312
2026-09-27,tomorrow,2026-09-28 23:55:00,7355.470130,88.614347,172.774053
2026-09-27,tomorrow,2026-09-29 00:00:00,7084.611746,77.515649,147.185684
