issue_date,lead,settlementdate,demand_forecast,rrp_base_prediction,rrp_risk_ceiling,model_version
2026-10-04,today,2026-10-04 00:05:00,6988.544174,95.088890,111.478663,v2.3
2026-10-04,today,2026-10-04 00:10:00,7057.727727,95.616422,111.478663,v2.3
2026-10-04,today,2026-10-04 00:15:00,7142.027475,95.616422,111.478663,v2.3
2026-10-04,today,2026-10-04 00:20:00,7122.435787,95.616422,111.478663,v2.3
2026-10-04,today,2026-10-04 00:25:00,7142.027475,95.616422,111.478663,v2.3
2026-10-04,today,2026-10-04 00:30:00,7082.311537,95.088890,111.478663,v2.3
2026-10-04,today,2026-10-04 00:35:00,6985.182315,95.616422,111.478663,v2.3
2026-10-04,today,2026-10-04 00:40:00,6948.089335,95.088890,111.478663,v2.3
2026-10-04,today,2026-10-04 00:45:00,6947.947796,95.616422,111.478663,v2.3
2026-10-04,today,2026-10-04 00:50:00,6878.380359,95.616422,111.478663,v2.3
2026-10-04,today,2026-10-04 00:55:00,6870.580175,94.940801,111.478663,v2.3
2026-10-04,today,2026-10-04 01:00:00,6890.228687,95.616422,111.478663,v2.3
2026-10-04,today,2026-10-04 01:05:00,6856.812406,103.649176,120.508551,v2.3
2026-10-04,today,2026-10-04 01:10:00,6755.082851,103.649176,120.508551,v2.3
2026-10-04,today,2026-10-04 01:15:00,6772.854199,103.649176,120.508551,v2.3
2026-10-04,today,2026-10-04 01:20:00,6740.236946,103.649176,120.508551,v2.3
2026-10-04,today,2026-10-04 01:25:00,6624.581330,103.649176,120.508551,v2.3
2026-10-04,today,2026-10-04 01:30:00,6656.455738,103.649176,120.508551,v2.3
2026-10-04,today,2026-10-04 01:35:00,6585.300583,95.616422,111.478663,v2.3
2026-10-04,today,2026-10-04 01:40:00,6539.345926,95.616422,111.478663,v2.3
2026-10-04,today,2026-10-04 01:45:00,6491.594825,95.088890,111.478663,v2.3
2026-10-04,today,2026-10-04 01:50:00,6392.794383,94.940801,111.478663,v2.3
2026-10-04,today,2026-10-04 01:55:00,6411.382675,95.088890,111.478663,v2.3
2026-10-04,today,2026-10-04 02:00:00,6407.622256,94.940801,111.478663,v2.3
2026-10-04,today,2026-10-04 02:05:00,6407.622256,95.088890,111.478663,v2.3
2026-10-04,today,2026-10-04 02:10:00,6407.622256,95.088890,111.478663,v2.3
2026-10-04,today,2026-10-04 02:15:00,6354.483350,95.088890,111.478663,v2.3
2026-10-04,today,2026-10-04 02:20:00,6296.248637,94.461874,110.335002,v2.3
2026-10-04,today,2026-10-04 02:25:00,6297.789882,94.461874,110.335002,v2.3
2026-10-04,today,2026-10-04 02:30:00,6289.055022,94.461874,110.335002,v2.3
2026-10-04,today,2026-10-04 02:35:00,6280.572167,95.088890,111.478663,v2.3
2026-10-04,today,2026-10-04 02:40:00,6280.572167,94.193272,110.335002,v2.3
2026-10-04,today,2026-10-04 02:45:00,6278.649261,94.940801,111.478663,v2.3
2026-10-04,today,2026-10-04 02:50:00,6269.914401,94.461874,110.335002,v2.3
2026-10-04,today,2026-10-04 02:55:00,6224.816131,94.461874,110.335002,v2.3
2026-10-04,today,2026-10-04 03:00:00,6196.926302,94.461874,110.335002,v2.3
2026-10-04,today,2026-10-04 03:05:00,6188.768486,94.501792,110.542221,v2.3
2026-10-04,today,2026-10-04 03:10:00,6216.658315,94.193272,110.542221,v2.3
2026-10-04,today,2026-10-04 03:15:00,6212.246312,94.193272,110.133418,v2.3
2026-10-04,today,2026-10-04 03:20:00,6188.768486,94.461874,110.133418,v2.3
2026-10-04,today,2026-10-04 03:25:00,6186.114123,94.461874,110.133418,v2.3
2026-10-04,today,2026-10-04 03:30:00,6138.899705,94.461874,110.133418,v2.3
2026-10-04,today,2026-10-04 03:35:00,6129.085100,94.461874,109.691820,v2.3
2026-10-04,today,2026-10-04 03:40:00,6129.085100,94.940801,110.828815,v2.3
2026-10-04,today,2026-10-04 03:45:00,6148.177404,94.193272,109.842833,v2.3
2026-10-04,today,2026-10-04 03:50:00,6164.512208,94.461874,109.842833,v2.3
2026-10-04,today,2026-10-04 03:55:00,6164.512208,95.616422,110.981393,v2.3
2026-10-04,today,2026-10-04 04:00:00,6164.512208,94.940801,111.756807,v2.3
2026-10-04,today,2026-10-04 04:05:00,6117.297790,97.278139,114.589390,v2.3
2026-10-04,today,2026-10-04 04:10:00,6164.512208,98.449097,115.777146,v2.3
2026-10-04,today,2026-10-04 04:15:00,6150.751524,97.914054,118.098862,v2.3
2026-10-04,today,2026-10-04 04:20:00,6151.634617,97.763861,118.098862,v2.3
2026-10-04,today,2026-10-04 04:25:00,6100.868084,97.763861,118.098862,v2.3
2026-10-04,today,2026-10-04 04:30:00,6064.088283,97.763861,118.098862,v2.3
2026-10-04,today,2026-10-04 04:35:00,6106.987614,105.471634,131.189655,v2.3
2026-10-04,today,2026-10-04 04:40:00,6093.226929,105.315661,131.189655,v2.3
2026-10-04,today,2026-10-04 04:45:00,6084.124765,105.315661,131.189655,v2.3
2026-10-04,today,2026-10-04 04:50:00,6090.244295,104.939032,129.843793,v2.3
2026-10-04,today,2026-10-04 04:55:00,6014.858898,104.939032,131.368405,v2.3
2026-10-04,today,2026-10-04 05:00:00,6030.793033,104.939032,131.368405,v2.3
2026-10-04,today,2026-10-04 05:05:00,6073.692364,113.284162,134.811491,v2.3
2026-10-04,today,2026-10-04 05:10:00,6104.334115,113.284162,134.811491,v2.3
2026-10-04,today,2026-10-04 05:15:00,6109.025036,113.284162,135.255630,v2.3
2026-10-04,today,2026-10-04 05:20:00,6109.025036,113.284162,135.255630,v2.3
2026-10-04,today,2026-10-04 05:25:00,6123.251644,113.284162,135.255630,v2.3
2026-10-04,today,2026-10-04 05:30:00,6123.251644,113.284162,135.255630,v2.3
2026-10-04,today,2026-10-04 05:35:00,6062.717972,99.870478,123.776920,v2.3
2026-10-04,today,2026-10-04 05:40:00,6115.334992,100.286093,124.179227,v2.3
2026-10-04,today,2026-10-04 05:45:00,6170.936107,100.286093,124.179227,v2.3
2026-10-04,today,2026-10-04 05:50:00,6056.330403,99.009232,122.905281,v2.3
2026-10-04,today,2026-10-04 05:55:00,6103.544821,99.009232,122.905281,v2.3
2026-10-04,today,2026-10-04 06:00:00,6096.786759,99.009232,122.905281,v2.3
2026-10-04,today,2026-10-04 06:05:00,6104.244600,96.231654,120.269338,v2.3
2026-10-04,today,2026-10-04 06:10:00,6112.017964,96.231654,120.269338,v2.3
2026-10-04,today,2026-10-04 06:15:00,6076.665523,96.231654,120.269338,v2.3
2026-10-04,today,2026-10-04 06:20:00,6090.426208,93.689203,119.987928,v2.3
2026-10-04,today,2026-10-04 06:25:00,6153.104837,96.046891,120.269338,v2.3
2026-10-04,today,2026-10-04 06:30:00,6153.104837,95.719415,120.269338,v2.3
2026-10-04,today,2026-10-04 06:35:00,6119.470038,70.070819,89.110095,v2.3
2026-10-04,today,2026-10-04 06:40:00,6111.897659,68.970278,87.447987,v2.3
2026-10-04,today,2026-10-04 06:45:00,6116.488207,68.674657,87.447987,v2.3
2026-10-04,today,2026-10-04 06:50:00,6115.614210,70.319043,89.319092,v2.3
2026-10-04,today,2026-10-04 06:55:00,6111.023663,68.674657,87.447987,v2.3
2026-10-04,today,2026-10-04 07:00:00,6124.450220,65.391885,86.681391,v2.3
2026-10-04,today,2026-10-04 07:05:00,6134.264825,17.453665,59.526057,v2.3
2026-10-04,today,2026-10-04 07:10:00,6134.264825,25.720481,62.223507,v2.3
2026-10-04,today,2026-10-04 07:15:00,6116.877841,25.720481,62.223507,v2.3
2026-10-04,today,2026-10-04 07:20:00,6192.499538,25.720481,62.223507,v2.3
2026-10-04,today,2026-10-04 07:25:00,6188.526375,25.720481,62.223507,v2.3
2026-10-04,today,2026-10-04 07:30:00,6167.899624,17.453665,59.526057,v2.3
2026-10-04,today,2026-10-04 07:35:00,6276.308960,10.193254,62.223507,v2.3
2026-10-04,today,2026-10-04 07:40:00,6249.926587,13.869900,62.223507,v2.3
2026-10-04,today,2026-10-04 07:45:00,6269.991608,12.667227,62.223507,v2.3
2026-10-04,today,2026-10-04 07:50:00,6218.203402,7.162719,59.526057,v2.3
2026-10-04,today,2026-10-04 07:55:00,6215.940903,10.193254,62.223507,v2.3
2026-10-04,today,2026-10-04 08:00:00,6183.937978,13.869900,62.223507,v2.3
2026-10-04,today,2026-10-04 08:05:00,6229.903214,13.869900,62.223507,v2.3
2026-10-04,today,2026-10-04 08:10:00,6257.793044,12.667227,62.223507,v2.3
2026-10-04,today,2026-10-04 08:15:00,6243.956671,13.869900,62.223507,v2.3
2026-10-04,today,2026-10-04 08:20:00,6267.297019,12.667227,62.223507,v2.3
2026-10-04,today,2026-10-04 08:25:00,6209.262471,13.869900,62.223507,v2.3
2026-10-04,today,2026-10-04 08:30:00,6215.476214,13.869900,67.146792,v2.3
2026-10-04,today,2026-10-04 08:35:00,6182.618557,12.513150,67.146792,v2.3
2026-10-04,today,2026-10-04 08:40:00,6118.208080,12.513150,62.223507,v2.3
2026-10-04,today,2026-10-04 08:45:00,6097.618024,12.513150,67.566712,v2.3
2026-10-04,today,2026-10-04 08:50:00,6071.427818,12.513150,67.566712,v2.3
2026-10-04,today,2026-10-04 08:55:00,6095.853010,12.513150,68.267112,v2.3
2026-10-04,today,2026-10-04 09:00:00,5996.235543,12.513150,68.267112,v2.3
2026-10-04,today,2026-10-04 09:05:00,5970.159128,11.312496,62.223507,v2.3
2026-10-04,today,2026-10-04 09:10:00,5997.529504,5.814793,59.526057,v2.3
2026-10-04,today,2026-10-04 09:15:00,6037.105194,11.312496,62.223507,v2.3
2026-10-04,today,2026-10-04 09:20:00,6050.361114,12.513150,68.267112,v2.3
2026-10-04,today,2026-10-04 09:25:00,5925.061825,11.312496,62.223507,v2.3
2026-10-04,today,2026-10-04 09:30:00,5910.444332,12.513150,67.566712,v2.3
2026-10-04,today,2026-10-04 09:35:00,5877.456256,12.513150,68.267112,v2.3
2026-10-04,today,2026-10-04 09:40:00,5854.950734,5.814793,59.526057,v2.3
2026-10-04,today,2026-10-04 09:45:00,5837.336717,11.312496,62.223507,v2.3
2026-10-04,today,2026-10-04 09:50:00,5760.330306,5.814793,59.526057,v2.3
2026-10-04,today,2026-10-04 09:55:00,5706.412497,12.513150,62.223507,v2.3
2026-10-04,today,2026-10-04 10:00:00,5622.928751,12.513150,67.566712,v2.3
2026-10-04,today,2026-10-04 10:05:00,5587.376893,11.312496,62.223507,v2.3
2026-10-04,today,2026-10-04 10:10:00,5734.571940,11.312496,62.223507,v2.3
2026-10-04,today,2026-10-04 10:15:00,5687.390032,5.814793,59.526057,v2.3
2026-10-04,today,2026-10-04 10:20:00,5711.285706,12.513150,67.566712,v2.3
2026-10-04,today,2026-10-04 10:25:00,5684.797206,12.513150,67.566712,v2.3
2026-10-04,today,2026-10-04 10:30:00,5700.247697,12.513150,67.146792,v2.3
2026-10-04,today,2026-10-04 10:35:00,5649.776568,12.189982,62.223507,v2.3
2026-10-04,today,2026-10-04 10:40:00,5653.876236,9.717312,59.526057,v2.3
2026-10-04,today,2026-10-04 10:45:00,5636.048094,9.717312,59.526057,v2.3
2026-10-04,today,2026-10-04 10:50:00,5615.673992,12.189982,62.223507,v2.3
2026-10-04,today,2026-10-04 10:55:00,5551.409631,13.391919,67.566712,v2.3
2026-10-04,today,2026-10-04 11:00:00,5500.312214,12.189982,62.223507,v2.3
2026-10-04,today,2026-10-04 11:05:00,5448.564910,12.189982,62.223507,v2.3
2026-10-04,today,2026-10-04 11:10:00,5584.643376,12.360971,62.223507,v2.3
2026-10-04,today,2026-10-04 11:15:00,5590.840947,13.563168,62.223507,v2.3
2026-10-04,today,2026-10-04 11:20:00,5539.819164,12.360971,62.223507,v2.3
2026-10-04,today,2026-10-04 11:25:00,5512.107879,12.360971,62.223507,v2.3
2026-10-04,today,2026-10-04 11:30:00,5500.048601,12.360971,62.223507,v2.3
2026-10-04,today,2026-10-04 11:35:00,5370.436872,9.887840,59.526057,v2.3
2026-10-04,today,2026-10-04 11:40:00,5407.254359,12.360971,62.223507,v2.3
2026-10-04,today,2026-10-04 11:45:00,5407.254359,12.360971,62.223507,v2.3
2026-10-04,today,2026-10-04 11:50:00,5378.103783,13.563168,62.223507,v2.3
2026-10-04,today,2026-10-04 11:55:00,5386.378259,12.360971,62.223507,v2.3
2026-10-04,today,2026-10-04 12:00:00,5390.163061,12.360971,62.223507,v2.3
2026-10-04,today,2026-10-04 12:05:00,5390.163061,9.887840,59.526057,v2.3
2026-10-04,today,2026-10-04 12:10:00,5491.997202,13.563168,62.223507,v2.3
2026-10-04,today,2026-10-04 12:15:00,5475.575694,12.360971,62.223507,v2.3
2026-10-04,today,2026-10-04 12:20:00,5475.575694,13.563168,67.566712,v2.3
2026-10-04,today,2026-10-04 12:25:00,5434.158286,13.563168,67.146792,v2.3
2026-10-04,today,2026-10-04 12:30:00,5403.014717,13.563168,67.506852,v2.3
2026-10-04,today,2026-10-04 12:35:00,5335.838792,13.563168,62.469897,v2.3
2026-10-04,today,2026-10-04 12:40:00,5151.878650,12.360971,62.469897,v2.3
2026-10-04,today,2026-10-04 12:45:00,5128.968204,13.563168,62.469897,v2.3
2026-10-04,today,2026-10-04 12:50:00,5131.834629,12.360971,62.469897,v2.3
2026-10-04,today,2026-10-04 12:55:00,5131.834629,12.360971,62.469897,v2.3
2026-10-04,today,2026-10-04 13:00:00,5339.069921,12.360971,62.469897,v2.3
2026-10-04,today,2026-10-04 13:05:00,5384.792797,12.360971,62.469897,v2.3
2026-10-04,today,2026-10-04 13:10:00,5427.153232,13.563168,62.469897,v2.3
2026-10-04,today,2026-10-04 13:15:00,5450.652453,13.563168,69.007451,v2.3
2026-10-04,today,2026-10-04 13:20:00,5411.902336,13.563168,69.301389,v2.3
2026-10-04,today,2026-10-04 13:25:00,5428.879722,13.563168,64.220162,v2.3
2026-10-04,today,2026-10-04 13:30:00,5478.467671,13.563168,69.734780,v2.3
2026-10-04,today,2026-10-04 13:35:00,5583.791568,13.563168,64.220162,v2.3
2026-10-04,today,2026-10-04 13:40:00,5568.547890,13.563168,69.734780,v2.3
2026-10-04,today,2026-10-04 13:45:00,5591.799078,13.563168,69.734780,v2.3
2026-10-04,today,2026-10-04 13:50:00,5613.313129,13.563168,70.727323,v2.3
2026-10-04,today,2026-10-04 13:55:00,5576.943545,13.563168,70.727323,v2.3
2026-10-04,today,2026-10-04 14:00:00,5582.685120,13.563168,71.901826,v2.3
2026-10-04,today,2026-10-04 14:05:00,5485.557808,13.563168,67.815497,v2.3
2026-10-04,today,2026-10-04 14:10:00,5520.781159,13.563168,72.631885,v2.3
2026-10-04,today,2026-10-04 14:15:00,5401.339678,13.563168,72.631885,v2.3
2026-10-04,today,2026-10-04 14:20:00,5246.783875,13.563168,67.815497,v2.3
2026-10-04,today,2026-10-04 14:25:00,5431.941412,13.654279,72.631885,v2.3
2026-10-04,today,2026-10-04 14:30:00,5266.487362,13.654279,70.881472,v2.3
2026-10-04,today,2026-10-04 14:35:00,5414.863315,13.654279,70.881472,v2.3
2026-10-04,today,2026-10-04 14:40:00,5558.420047,13.654279,75.915568,v2.3
2026-10-04,today,2026-10-04 14:45:00,5676.923849,13.654769,70.881472,v2.3
2026-10-04,today,2026-10-04 14:50:00,5763.499642,16.084265,70.881472,v2.3
2026-10-04,today,2026-10-04 14:55:00,5890.124508,16.618284,81.113419,v2.3
2026-10-04,today,2026-10-04 15:00:00,6041.363589,18.661779,83.473939,v2.3
2026-10-04,today,2026-10-04 15:05:00,6124.514604,33.875913,83.745395,v2.3
2026-10-04,today,2026-10-04 15:10:00,6277.717234,33.875913,84.088392,v2.3
2026-10-04,today,2026-10-04 15:15:00,6317.907809,37.665997,84.088392,v2.3
2026-10-04,today,2026-10-04 15:20:00,6454.264615,37.665997,84.864268,v2.3
2026-10-04,today,2026-10-04 15:25:00,6540.282013,41.506147,85.743941,v2.3
2026-10-04,today,2026-10-04 15:30:00,6585.478370,43.292110,88.242141,v2.3
2026-10-04,today,2026-10-04 15:35:00,6671.274935,43.292110,88.242141,v2.3
2026-10-04,today,2026-10-04 15:40:00,6834.213568,43.292110,88.242141,v2.3
2026-10-04,today,2026-10-04 15:45:00,6803.970599,43.292110,90.281310,v2.3
2026-10-04,today,2026-10-04 15:50:00,6832.937515,45.539694,93.897554,v2.3
2026-10-04,today,2026-10-04 15:55:00,6982.003035,46.334396,94.284624,v2.3
2026-10-04,today,2026-10-04 16:00:00,7173.993064,46.334396,94.284624,v2.3
2026-10-04,today,2026-10-04 16:05:00,7173.993064,54.906036,95.509993,v2.3
2026-10-04,today,2026-10-04 16:10:00,7366.885871,54.906036,94.530141,v2.3
2026-10-04,today,2026-10-04 16:15:00,7486.758442,54.906036,96.714600,v2.3
2026-10-04,today,2026-10-04 16:20:00,7394.884369,57.518460,106.199754,v2.3
2026-10-04,today,2026-10-04 16:25:00,7438.786845,58.651788,99.741646,v2.3
2026-10-04,today,2026-10-04 16:30:00,7546.391238,58.651788,100.999619,v2.3
2026-10-04,today,2026-10-04 16:35:00,7507.961480,80.323379,127.482562,v2.3
2026-10-04,today,2026-10-04 16:40:00,7630.647058,80.323379,127.482562,v2.3
2026-10-04,today,2026-10-04 16:45:00,7698.163503,80.461125,127.482562,v2.3
2026-10-04,today,2026-10-04 16:50:00,7780.270799,80.461125,130.502218,v2.3
2026-10-04,today,2026-10-04 16:55:00,7798.304178,80.461125,129.296732,v2.3
2026-10-04,today,2026-10-04 17:00:00,7879.129558,81.021783,142.896260,v2.3
2026-10-04,today,2026-10-04 17:05:00,7715.774442,97.837134,140.317186,v2.3
2026-10-04,today,2026-10-04 17:10:00,7885.975766,96.752934,138.877692,v2.3
2026-10-04,today,2026-10-04 17:15:00,7918.496775,98.522621,140.317186,v2.3
2026-10-04,today,2026-10-04 17:20:00,7880.671677,97.987382,140.317186,v2.3
2026-10-04,today,2026-10-04 17:25:00,7978.031375,97.987382,140.317186,v2.3
2026-10-04,today,2026-10-04 17:30:00,8079.501881,98.522621,140.317186,v2.3
2026-10-04,today,2026-10-04 17:35:00,8025.803302,128.518560,190.795252,v2.3
2026-10-04,today,2026-10-04 17:40:00,8173.275627,131.009056,190.795252,v2.3
2026-10-04,today,2026-10-04 17:45:00,8149.400407,131.009056,190.795252,v2.3
2026-10-04,today,2026-10-04 17:50:00,8088.115535,131.009056,190.795252,v2.3
2026-10-04,today,2026-10-04 17:55:00,8143.897233,131.009056,190.795252,v2.3
2026-10-04,today,2026-10-04 18:00:00,8111.399156,131.009056,190.795252,v2.3
2026-10-04,today,2026-10-04 18:05:00,8163.259721,130.072781,200.368247,v2.3
2026-10-04,today,2026-10-04 18:10:00,8184.720592,132.582148,195.732364,v2.3
2026-10-04,today,2026-10-04 18:15:00,8015.184148,130.072781,195.732364,v2.3
2026-10-04,today,2026-10-04 18:20:00,8198.579906,132.582148,195.399570,v2.3
2026-10-04,today,2026-10-04 18:25:00,8163.259721,130.072781,195.399570,v2.3
2026-10-04,today,2026-10-04 18:30:00,8111.399156,132.582148,194.147172,v2.3
2026-10-04,today,2026-10-04 18:35:00,8163.259721,132.582148,189.769506,v2.3
2026-10-04,today,2026-10-04 18:40:00,8198.579906,132.582148,186.934779,v2.3
2026-10-04,today,2026-10-04 18:45:00,8198.579906,132.582148,185.741900,v2.3
2026-10-04,today,2026-10-04 18:50:00,8187.134941,132.582148,182.079287,v2.3
2026-10-04,today,2026-10-04 18:55:00,8163.259721,130.072781,174.349912,v2.3
2026-10-04,today,2026-10-04 19:00:00,8187.134941,132.582148,174.349912,v2.3
2026-10-04,today,2026-10-04 19:05:00,8187.134941,132.582148,174.349912,v2.3
2026-10-04,today,2026-10-04 19:10:00,8140.679552,132.582148,171.804523,v2.3
2026-10-04,today,2026-10-04 19:15:00,8160.845517,132.582148,170.792522,v2.3
2026-10-04,today,2026-10-04 19:20:00,8081.188598,130.072781,165.266467,v2.3
2026-10-04,today,2026-10-04 19:25:00,8069.024569,130.072781,165.266467,v2.3
2026-10-04,today,2026-10-04 19:30:00,8077.310743,130.072781,165.266467,v2.3
2026-10-04,today,2026-10-04 19:35:00,7988.306692,132.582148,165.266467,v2.3
2026-10-04,today,2026-10-04 19:40:00,7926.429283,132.582148,165.266467,v2.3
2026-10-04,today,2026-10-04 19:45:00,7887.927885,132.582148,165.115382,v2.3
2026-10-04,today,2026-10-04 19:50:00,7889.313200,132.582148,162.198947,v2.3
2026-10-04,today,2026-10-04 19:55:00,7701.840888,130.072781,162.198947,v2.3
2026-10-04,today,2026-10-04 20:00:00,7815.441227,130.072781,162.198947,v2.3
2026-10-04,today,2026-10-04 20:05:00,7812.064189,130.072781,162.198947,v2.3
2026-10-04,today,2026-10-04 20:10:00,7878.018686,130.072781,162.198947,v2.3
2026-10-04,today,2026-10-04 20:15:00,7807.297167,132.582148,162.198947,v2.3
2026-10-04,today,2026-10-04 20:20:00,7720.099784,130.072781,162.198947,v2.3
2026-10-04,today,2026-10-04 20:25:00,7718.991005,130.072781,162.198947,v2.3
2026-10-04,today,2026-10-04 20:30:00,7716.733237,130.072781,162.198947,v2.3
2026-10-04,today,2026-10-04 20:35:00,7676.721134,132.582148,162.198947,v2.3
2026-10-04,today,2026-10-04 20:40:00,7791.155340,132.582148,162.198947,v2.3
2026-10-04,today,2026-10-04 20:45:00,7668.298217,132.582148,162.198947,v2.3
2026-10-04,today,2026-10-04 20:50:00,7641.471345,132.582148,162.198947,v2.3
2026-10-04,today,2026-10-04 20:55:00,7654.580975,132.582148,162.198947,v2.3
2026-10-04,today,2026-10-04 21:00:00,7634.547032,132.582148,162.198947,v2.3
2026-10-04,today,2026-10-04 21:05:00,7649.614000,132.582148,160.992790,v2.3
2026-10-04,today,2026-10-04 21:10:00,7629.580058,132.582148,160.992790,v2.3
2026-10-04,today,2026-10-04 21:15:00,7597.041310,132.582148,160.992790,v2.3
2026-10-04,today,2026-10-04 21:20:00,7532.752425,132.582148,160.992790,v2.3
2026-10-04,today,2026-10-04 21:25:00,7499.769656,132.582148,160.992790,v2.3
2026-10-04,today,2026-10-04 21:30:00,7527.788353,132.582148,160.992790,v2.3
2026-10-04,today,2026-10-04 21:35:00,7398.085697,132.582148,162.198947,v2.3
2026-10-04,today,2026-10-04 21:40:00,7459.129988,132.582148,162.198947,v2.3
2026-10-04,today,2026-10-04 21:45:00,7457.341441,132.582148,162.198947,v2.3
2026-10-04,today,2026-10-04 21:50:00,7443.308445,132.582148,162.198947,v2.3
2026-10-04,today,2026-10-04 21:55:00,7449.327962,132.582148,162.198947,v2.3
2026-10-04,today,2026-10-04 22:00:00,7443.224349,132.582148,162.198947,v2.3
2026-10-04,today,2026-10-04 22:05:00,7376.640527,132.582148,162.198947,v2.3
2026-10-04,today,2026-10-04 22:10:00,7442.388970,132.582148,162.198947,v2.3
2026-10-04,today,2026-10-04 22:15:00,7442.776555,132.582148,161.620427,v2.3
2026-10-04,today,2026-10-04 22:20:00,7436.371344,132.582148,161.620427,v2.3
2026-10-04,today,2026-10-04 22:25:00,7451.743922,132.582148,161.620427,v2.3
2026-10-04,today,2026-10-04 22:30:00,7422.908206,132.582148,161.620427,v2.3
2026-10-04,today,2026-10-04 22:35:00,7420.506720,132.582148,161.620427,v2.3
2026-10-04,today,2026-10-04 22:40:00,7426.851983,132.582148,161.620427,v2.3
2026-10-04,today,2026-10-04 22:45:00,7408.489174,132.582148,161.620427,v2.3
2026-10-04,today,2026-10-04 22:50:00,7330.469600,132.582148,161.620427,v2.3
2026-10-04,today,2026-10-04 22:55:00,7320.269457,132.582148,161.620427,v2.3
2026-10-04,today,2026-10-04 23:00:00,7240.611234,132.582148,161.620427,v2.3
2026-10-04,today,2026-10-04 23:05:00,7234.917221,117.114475,137.112939,v2.3
2026-10-04,today,2026-10-04 23:10:00,7208.816184,117.114475,137.112939,v2.3
2026-10-04,today,2026-10-04 23:15:00,7209.686240,117.474365,137.112939,v2.3
2026-10-04,today,2026-10-04 23:20:00,7202.668687,117.474365,137.112939,v2.3
2026-10-04,today,2026-10-04 23:25:00,7093.713030,117.114475,137.112939,v2.3
2026-10-04,today,2026-10-04 23:30:00,7148.036088,117.474365,137.112939,v2.3
2026-10-04,today,2026-10-04 23:35:00,7119.977665,114.366982,137.112939,v2.3
2026-10-04,today,2026-10-04 23:40:00,7119.977665,114.366982,137.112939,v2.3
2026-10-04,today,2026-10-04 23:45:00,7103.574810,114.366982,137.112939,v2.3
2026-10-04,today,2026-10-04 23:50:00,7077.310174,114.366982,137.112939,v2.3
2026-10-04,today,2026-10-04 23:55:00,6983.334700,114.366982,137.112939,v2.3
2026-10-04,today,2026-10-05 00:00:00,6911.797347,116.233827,137.064709,v2.3
2026-10-04,tomorrow,2026-10-05 00:05:00,6744.766763,80.836355,126.692539,v2.3
2026-10-04,tomorrow,2026-10-05 00:10:00,6747.194851,80.836355,126.257050,v2.3
2026-10-04,tomorrow,2026-10-05 00:15:00,6730.274399,80.836355,126.257050,v2.3
2026-10-04,tomorrow,2026-10-05 00:20:00,6730.274399,80.836355,126.257050,v2.3
2026-10-04,tomorrow,2026-10-05 00:25:00,6703.319702,80.836355,126.257050,v2.3
2026-10-04,tomorrow,2026-10-05 00:30:00,6703.319702,80.836355,126.257050,v2.3
2026-10-04,tomorrow,2026-10-05 00:35:00,6666.087079,80.836355,126.300597,v2.3
2026-10-04,tomorrow,2026-10-05 00:40:00,6681.287039,80.836355,126.300597,v2.3
2026-10-04,tomorrow,2026-10-05 00:45:00,6633.586040,80.836355,126.300597,v2.3
2026-10-04,tomorrow,2026-10-05 00:50:00,6645.688467,80.836355,126.692539,v2.3
2026-10-04,tomorrow,2026-10-05 00:55:00,6606.377293,80.836355,126.692539,v2.3
2026-10-04,tomorrow,2026-10-05 01:00:00,6556.752824,80.836355,124.013587,v2.3
2026-10-04,tomorrow,2026-10-05 01:05:00,6392.017754,80.836355,117.958430,v2.3
2026-10-04,tomorrow,2026-10-05 01:10:00,6392.260436,80.836355,117.958430,v2.3
2026-10-04,tomorrow,2026-10-05 01:15:00,6321.246613,80.836355,117.958430,v2.3
2026-10-04,tomorrow,2026-10-05 01:20:00,6321.246613,80.836355,117.958430,v2.3
2026-10-04,tomorrow,2026-10-05 01:25:00,6251.634829,80.836355,118.074097,v2.3
2026-10-04,tomorrow,2026-10-05 01:30:00,6230.552650,80.836355,118.074097,v2.3
2026-10-04,tomorrow,2026-10-05 01:35:00,6254.647247,80.836355,118.074097,v2.3
2026-10-04,tomorrow,2026-10-05 01:40:00,6227.433154,80.836355,118.074097,v2.3
2026-10-04,tomorrow,2026-10-05 01:45:00,6219.827538,80.836355,118.074097,v2.3
2026-10-04,tomorrow,2026-10-05 01:50:00,5978.435558,80.836355,118.018991,v2.3
2026-10-04,tomorrow,2026-10-05 01:55:00,6091.275485,80.836355,118.018991,v2.3
2026-10-04,tomorrow,2026-10-05 02:00:00,6097.882074,80.836355,118.018991,v2.3
2026-10-04,tomorrow,2026-10-05 02:05:00,6081.849560,80.836355,118.018991,v2.3
2026-10-04,tomorrow,2026-10-05 02:10:00,6098.372869,80.836355,118.018991,v2.3
2026-10-04,tomorrow,2026-10-05 02:15:00,5906.697073,80.836355,118.018991,v2.3
2026-10-04,tomorrow,2026-10-05 02:20:00,5893.886118,80.329040,118.018991,v2.3
2026-10-04,tomorrow,2026-10-05 02:25:00,5893.886118,80.329040,118.018991,v2.3
2026-10-04,tomorrow,2026-10-05 02:30:00,5893.886118,80.329040,118.018991,v2.3
2026-10-04,tomorrow,2026-10-05 02:35:00,5893.886118,80.836355,118.018991,v2.3
2026-10-04,tomorrow,2026-10-05 02:40:00,5893.886118,80.329040,118.018991,v2.3
2026-10-04,tomorrow,2026-10-05 02:45:00,5869.398032,80.836355,118.018991,v2.3
2026-10-04,tomorrow,2026-10-05 02:50:00,5869.076750,80.329040,118.018991,v2.3
2026-10-04,tomorrow,2026-10-05 02:55:00,5851.942483,80.329040,118.018991,v2.3
2026-10-04,tomorrow,2026-10-05 03:00:00,5855.230482,80.329040,118.018991,v2.3
2026-10-04,tomorrow,2026-10-05 03:05:00,5851.942483,80.329040,118.018991,v2.3
2026-10-04,tomorrow,2026-10-05 03:10:00,5851.621201,80.329040,118.018991,v2.3
2026-10-04,tomorrow,2026-10-05 03:15:00,5851.942483,80.329040,118.018991,v2.3
2026-10-04,tomorrow,2026-10-05 03:20:00,5851.621201,80.329040,118.018991,v2.3
2026-10-04,tomorrow,2026-10-05 03:25:00,5851.621201,80.329040,118.018991,v2.3
2026-10-04,tomorrow,2026-10-05 03:30:00,5851.621201,80.329040,118.018991,v2.3
2026-10-04,tomorrow,2026-10-05 03:35:00,5820.314292,79.530468,112.567938,v2.3
2026-10-04,tomorrow,2026-10-05 03:40:00,5851.621201,80.836355,118.018991,v2.3
2026-10-04,tomorrow,2026-10-05 03:45:00,5851.621201,80.329040,118.018991,v2.3
2026-10-04,tomorrow,2026-10-05 03:50:00,5820.314292,80.329040,114.379710,v2.3
2026-10-04,tomorrow,2026-10-05 03:55:00,5832.193085,80.836355,118.018991,v2.3
2026-10-04,tomorrow,2026-10-05 04:00:00,5851.621201,80.836355,118.018991,v2.3
2026-10-04,tomorrow,2026-10-05 04:05:00,5879.465158,80.329040,118.018991,v2.3
2026-10-04,tomorrow,2026-10-05 04:10:00,5858.816244,80.836355,118.018991,v2.3
2026-10-04,tomorrow,2026-10-05 04:15:00,5815.325397,80.836355,117.745515,v2.3
2026-10-04,tomorrow,2026-10-05 04:20:00,5836.295593,80.836355,117.745515,v2.3
2026-10-04,tomorrow,2026-10-05 04:25:00,5848.809024,80.836355,118.106906,v2.3
2026-10-04,tomorrow,2026-10-05 04:30:00,5830.097322,80.836355,118.106906,v2.3
2026-10-04,tomorrow,2026-10-05 04:35:00,5869.068676,80.836355,116.819968,v2.3
2026-10-04,tomorrow,2026-10-05 04:40:00,5869.389958,80.836355,118.331048,v2.3
2026-10-04,tomorrow,2026-10-05 04:45:00,5869.389958,80.836355,119.061036,v2.3
2026-10-04,tomorrow,2026-10-05 04:50:00,5869.389958,80.329040,119.061036,v2.3
2026-10-04,tomorrow,2026-10-05 04:55:00,5850.999538,80.329040,119.061036,v2.3
2026-10-04,tomorrow,2026-10-05 05:00:00,5873.196040,80.329040,119.108353,v2.3
2026-10-04,tomorrow,2026-10-05 05:05:00,5872.599635,80.836355,118.731090,v2.3
2026-10-04,tomorrow,2026-10-05 05:10:00,5892.442193,80.836355,119.168771,v2.3
2026-10-04,tomorrow,2026-10-05 05:15:00,5860.965889,80.836355,118.731090,v2.3
2026-10-04,tomorrow,2026-10-05 05:20:00,5853.064381,80.836355,118.731090,v2.3
2026-10-04,tomorrow,2026-10-05 05:25:00,5867.882322,80.836355,121.678640,v2.3
2026-10-04,tomorrow,2026-10-05 05:30:00,5867.882322,80.836355,121.678640,v2.3
2026-10-04,tomorrow,2026-10-05 05:35:00,5850.714142,80.836355,121.559443,v2.3
2026-10-04,tomorrow,2026-10-05 05:40:00,5830.065227,80.836355,121.559443,v2.3
2026-10-04,tomorrow,2026-10-05 05:45:00,5829.186185,80.836355,121.559443,v2.3
2026-10-04,tomorrow,2026-10-05 05:50:00,5941.244291,80.329040,121.559443,v2.3
2026-10-04,tomorrow,2026-10-05 05:55:00,5953.089498,80.329040,128.328641,v2.3
2026-10-04,tomorrow,2026-10-05 06:00:00,5947.380058,80.329040,127.222437,v2.3
2026-10-04,tomorrow,2026-10-05 06:05:00,5957.649078,80.329040,124.248491,v2.3
2026-10-04,tomorrow,2026-10-05 06:10:00,6014.774856,80.329040,121.925133,v2.3
2026-10-04,tomorrow,2026-10-05 06:15:00,6027.401541,80.329040,119.470997,v2.3
2026-10-04,tomorrow,2026-10-05 06:20:00,6083.137440,80.329040,128.099984,v2.3
2026-10-04,tomorrow,2026-10-05 06:25:00,6101.796667,79.377921,126.712091,v2.3
2026-10-04,tomorrow,2026-10-05 06:30:00,6139.342106,78.007348,119.891009,v2.3
2026-10-04,tomorrow,2026-10-05 06:35:00,6101.796667,78.007348,119.366744,v2.3
2026-10-04,tomorrow,2026-10-05 06:40:00,6054.198419,73.671870,116.841186,v2.3
2026-10-04,tomorrow,2026-10-05 06:45:00,6035.665219,73.671870,116.179028,v2.3
2026-10-04,tomorrow,2026-10-05 06:50:00,6035.665219,69.723826,119.226210,v2.3
2026-10-04,tomorrow,2026-10-05 06:55:00,6103.363624,73.671870,116.179028,v2.3
2026-10-04,tomorrow,2026-10-05 07:00:00,6095.058807,57.109549,107.693536,v2.3
2026-10-04,tomorrow,2026-10-05 07:05:00,6081.345841,46.217595,103.375400,v2.3
2026-10-04,tomorrow,2026-10-05 07:10:00,6048.417424,69.723826,111.858519,v2.3
2026-10-04,tomorrow,2026-10-05 07:15:00,6081.345841,76.430225,116.376285,v2.3
2026-10-04,tomorrow,2026-10-05 07:20:00,6114.722863,69.723826,112.086515,v2.3
2026-10-04,tomorrow,2026-10-05 07:25:00,6321.221881,66.451461,111.759372,v2.3
2026-10-04,tomorrow,2026-10-05 07:30:00,6130.959650,49.276369,102.695418,v2.3
2026-10-04,tomorrow,2026-10-05 07:35:00,6320.258234,59.725456,109.920383,v2.3
2026-10-04,tomorrow,2026-10-05 07:40:00,6362.993473,55.070910,106.347423,v2.3
2026-10-04,tomorrow,2026-10-05 07:45:00,6291.774227,55.989628,109.321385,v2.3
2026-10-04,tomorrow,2026-10-05 07:50:00,6263.349232,41.672189,101.778770,v2.3
2026-10-04,tomorrow,2026-10-05 07:55:00,6245.506729,46.401443,104.510996,v2.3
2026-10-04,tomorrow,2026-10-05 08:00:00,6051.908029,45.761342,103.753223,v2.3
2026-10-04,tomorrow,2026-10-05 08:05:00,6232.264549,51.518116,108.520847,v2.3
2026-10-04,tomorrow,2026-10-05 08:10:00,6232.264549,47.553229,117.633296,v2.3
2026-10-04,tomorrow,2026-10-05 08:15:00,6181.645809,50.558592,115.038153,v2.3
2026-10-04,tomorrow,2026-10-05 08:20:00,6169.263918,45.493003,113.070004,v2.3
2026-10-04,tomorrow,2026-10-05 08:25:00,6107.796425,43.784973,110.285566,v2.3
2026-10-04,tomorrow,2026-10-05 08:30:00,6132.399001,44.689137,110.367619,v2.3
2026-10-04,tomorrow,2026-10-05 08:35:00,6137.715831,44.734089,110.367619,v2.3
2026-10-04,tomorrow,2026-10-05 08:40:00,6092.263773,43.926334,110.393709,v2.3
2026-10-04,tomorrow,2026-10-05 08:45:00,6009.391476,46.441084,116.399702,v2.3
2026-10-04,tomorrow,2026-10-05 08:50:00,5863.897858,45.256199,110.961061,v2.3
2026-10-04,tomorrow,2026-10-05 08:55:00,5816.041190,45.690144,110.961061,v2.3
2026-10-04,tomorrow,2026-10-05 09:00:00,5780.830656,45.690144,109.392021,v2.3
2026-10-04,tomorrow,2026-10-05 09:05:00,5788.732165,41.669043,113.117910,v2.3
2026-10-04,tomorrow,2026-10-05 09:10:00,5793.681042,36.717173,103.334035,v2.3
2026-10-04,tomorrow,2026-10-05 09:15:00,5813.884391,41.669043,112.447208,v2.3
2026-10-04,tomorrow,2026-10-05 09:20:00,5661.835806,46.876990,111.788299,v2.3
2026-10-04,tomorrow,2026-10-05 09:25:00,5635.102687,41.669043,110.433105,v2.3
2026-10-04,tomorrow,2026-10-05 09:30:00,5600.138183,44.734089,107.152354,v2.3
2026-10-04,tomorrow,2026-10-05 09:35:00,5605.704486,46.876990,108.767985,v2.3
2026-10-04,tomorrow,2026-10-05 09:40:00,5478.477790,36.717173,101.978583,v2.3
2026-10-04,tomorrow,2026-10-05 09:45:00,5444.671686,41.669043,110.541393,v2.3
2026-10-04,tomorrow,2026-10-05 09:50:00,5383.564394,36.717173,100.386588,v2.3
2026-10-04,tomorrow,2026-10-05 09:55:00,5438.474211,45.447521,109.600154,v2.3
2026-10-04,tomorrow,2026-10-05 10:00:00,5375.680511,45.916636,108.599729,v2.3
2026-10-04,tomorrow,2026-10-05 10:05:00,5314.728090,40.994977,104.189406,v2.3
2026-10-04,tomorrow,2026-10-05 10:10:00,5320.613802,42.404052,108.306657,v2.3
2026-10-04,tomorrow,2026-10-05 10:15:00,5312.728108,36.717173,99.068626,v2.3
2026-10-04,tomorrow,2026-10-05 10:20:00,5332.834337,45.916636,108.493343,v2.3
2026-10-04,tomorrow,2026-10-05 10:25:00,5262.564361,44.734089,103.994030,v2.3
2026-10-04,tomorrow,2026-10-05 10:30:00,5327.412143,45.916636,109.096291,v2.3
2026-10-04,tomorrow,2026-10-05 10:35:00,5317.436148,41.669043,109.781312,v2.3
2026-10-04,tomorrow,2026-10-05 10:40:00,5352.744508,41.366808,101.334919,v2.3
2026-10-04,tomorrow,2026-10-05 10:45:00,5354.553556,40.693458,96.176140,v2.3
2026-10-04,tomorrow,2026-10-05 10:50:00,5324.781623,41.669043,109.781312,v2.3
2026-10-04,tomorrow,2026-10-05 10:55:00,5343.097634,45.916636,107.914279,v2.3
2026-10-04,tomorrow,2026-10-05 11:00:00,5338.343483,41.669043,109.673768,v2.3
2026-10-04,tomorrow,2026-10-05 11:05:00,5338.343483,44.607594,109.015183,v2.3
2026-10-04,tomorrow,2026-10-05 11:10:00,5451.145116,42.404052,110.633660,v2.3
2026-10-04,tomorrow,2026-10-05 11:15:00,5443.854202,45.447521,110.805068,v2.3
2026-10-04,tomorrow,2026-10-05 11:20:00,5441.916969,41.669043,108.842616,v2.3
2026-10-04,tomorrow,2026-10-05 11:25:00,5441.916969,42.404052,109.308696,v2.3
2026-10-04,tomorrow,2026-10-05 11:30:00,5351.043278,42.404052,109.308696,v2.3
2026-10-04,tomorrow,2026-10-05 11:35:00,5315.388796,41.366808,102.768651,v2.3
2026-10-04,tomorrow,2026-10-05 11:40:00,5310.840477,41.669043,104.591068,v2.3
2026-10-04,tomorrow,2026-10-05 11:45:00,5295.432061,42.404052,109.015183,v2.3
2026-10-04,tomorrow,2026-10-05 11:50:00,5326.107421,45.447521,110.633660,v2.3
2026-10-04,tomorrow,2026-10-05 11:55:00,5334.806572,42.404052,108.326426,v2.3
2026-10-04,tomorrow,2026-10-05 12:00:00,5319.471054,42.689244,108.618085,v2.3
2026-10-04,tomorrow,2026-10-05 12:05:00,5304.062638,42.227949,100.694682,v2.3
2026-10-04,tomorrow,2026-10-05 12:10:00,5360.006698,45.735934,108.618085,v2.3
2026-10-04,tomorrow,2026-10-05 12:15:00,5383.332109,42.295001,111.125524,v2.3
2026-10-04,tomorrow,2026-10-05 12:20:00,5327.116807,45.806162,110.130236,v2.3
2026-10-04,tomorrow,2026-10-05 12:25:00,5292.672429,45.806162,111.636280,v2.3
2026-10-04,tomorrow,2026-10-05 12:30:00,5193.667001,45.806162,108.407021,v2.3
2026-10-04,tomorrow,2026-10-05 12:35:00,5237.982043,45.337242,108.326426,v2.3
2026-10-04,tomorrow,2026-10-05 12:40:00,5231.490276,42.295001,108.432649,v2.3
2026-10-04,tomorrow,2026-10-05 12:45:00,5231.490276,45.337242,108.432649,v2.3
2026-10-04,tomorrow,2026-10-05 12:50:00,5231.490276,42.295001,108.326426,v2.3
2026-10-04,tomorrow,2026-10-05 12:55:00,5231.490276,42.295001,108.326426,v2.3
2026-10-04,tomorrow,2026-10-05 13:00:00,5206.587986,42.295001,108.326426,v2.3
2026-10-04,tomorrow,2026-10-05 13:05:00,5196.840358,42.295001,108.326426,v2.3
2026-10-04,tomorrow,2026-10-05 13:10:00,5206.587986,45.337242,108.326426,v2.3
2026-10-04,tomorrow,2026-10-05 13:15:00,5196.840358,45.806162,108.407021,v2.3
2026-10-04,tomorrow,2026-10-05 13:20:00,5196.840358,45.806162,108.407021,v2.3
2026-10-04,tomorrow,2026-10-05 13:25:00,5196.840358,45.337242,108.494259,v2.3
2026-10-04,tomorrow,2026-10-05 13:30:00,5213.604527,45.806162,107.337626,v2.3
2026-10-04,tomorrow,2026-10-05 13:35:00,5203.003847,45.337242,108.432649,v2.3
2026-10-04,tomorrow,2026-10-05 13:40:00,5238.266519,45.806162,107.337626,v2.3
2026-10-04,tomorrow,2026-10-05 13:45:00,5264.940658,46.330389,107.337626,v2.3
2026-10-04,tomorrow,2026-10-05 13:50:00,5296.710447,45.806162,107.232477,v2.3
2026-10-04,tomorrow,2026-10-05 13:55:00,5162.387799,45.806162,107.337626,v2.3
2026-10-04,tomorrow,2026-10-05 14:00:00,5209.002963,46.212516,107.232477,v2.3
2026-10-04,tomorrow,2026-10-05 14:05:00,5208.123133,45.742875,108.326426,v2.3
2026-10-04,tomorrow,2026-10-05 14:10:00,5195.124117,46.212516,108.513323,v2.3
2026-10-04,tomorrow,2026-10-05 14:15:00,5190.916851,46.212516,108.513323,v2.3
2026-10-04,tomorrow,2026-10-05 14:20:00,5232.998167,45.742875,108.432649,v2.3
2026-10-04,tomorrow,2026-10-05 14:25:00,5328.801649,46.700783,109.181402,v2.3
2026-10-04,tomorrow,2026-10-05 14:30:00,5131.793041,46.230269,109.207212,v2.3
2026-10-04,tomorrow,2026-10-05 14:35:00,5247.718262,46.630316,109.207212,v2.3
2026-10-04,tomorrow,2026-10-05 14:40:00,5369.233022,47.101553,109.288462,v2.3
2026-10-04,tomorrow,2026-10-05 14:45:00,5488.480017,46.630316,109.100231,v2.3
2026-10-04,tomorrow,2026-10-05 14:50:00,5586.605814,46.630316,109.100231,v2.3
2026-10-04,tomorrow,2026-10-05 14:55:00,5672.456824,47.101553,109.181402,v2.3
2026-10-04,tomorrow,2026-10-05 15:00:00,5707.321786,47.101553,107.998467,v2.3
2026-10-04,tomorrow,2026-10-05 15:05:00,5716.343047,47.101553,110.916925,v2.3
2026-10-04,tomorrow,2026-10-05 15:10:00,5766.753071,47.101553,112.712524,v2.3
2026-10-04,tomorrow,2026-10-05 15:15:00,5794.580509,47.101553,113.331015,v2.3
2026-10-04,tomorrow,2026-10-05 15:20:00,5795.818971,47.628394,115.928365,v2.3
2026-10-04,tomorrow,2026-10-05 15:25:00,6076.273372,49.587582,119.724262,v2.3
2026-10-04,tomorrow,2026-10-05 15:30:00,6167.432516,53.552026,120.312954,v2.3
2026-10-04,tomorrow,2026-10-05 15:35:00,6210.138899,54.092742,119.724262,v2.3
2026-10-04,tomorrow,2026-10-05 15:40:00,6237.933681,64.354804,122.110114,v2.3
2026-10-04,tomorrow,2026-10-05 15:45:00,6273.981898,68.037492,122.261064,v2.3
2026-10-04,tomorrow,2026-10-05 15:50:00,6359.973414,69.857293,125.561826,v2.3
2026-10-04,tomorrow,2026-10-05 15:55:00,6425.967891,76.463018,129.245202,v2.3
2026-10-04,tomorrow,2026-10-05 16:00:00,6467.738126,76.924624,129.245202,v2.3
2026-10-04,tomorrow,2026-10-05 16:05:00,6491.489046,77.051141,129.150051,v2.3
2026-10-04,tomorrow,2026-10-05 16:10:00,6593.479413,76.882459,129.150051,v2.3
2026-10-04,tomorrow,2026-10-05 16:15:00,6878.842082,82.604485,131.935923,v2.3
2026-10-04,tomorrow,2026-10-05 16:20:00,6973.607432,85.327082,151.680224,v2.3
2026-10-04,tomorrow,2026-10-05 16:25:00,7075.157114,87.170312,151.680224,v2.3
2026-10-04,tomorrow,2026-10-05 16:30:00,7136.104732,90.846415,151.680224,v2.3
2026-10-04,tomorrow,2026-10-05 16:35:00,7195.493960,90.846415,152.606369,v2.3
2026-10-04,tomorrow,2026-10-05 16:40:00,7327.582928,90.475195,153.295281,v2.3
2026-10-04,tomorrow,2026-10-05 16:45:00,7332.136906,91.133293,160.027794,v2.3
2026-10-04,tomorrow,2026-10-05 16:50:00,7327.551448,91.926558,159.830217,v2.3
2026-10-04,tomorrow,2026-10-05 16:55:00,7381.228766,91.926558,159.830217,v2.3
2026-10-04,tomorrow,2026-10-05 17:00:00,7389.251370,91.926558,159.830217,v2.3
2026-10-04,tomorrow,2026-10-05 17:05:00,7425.780306,91.926558,159.830217,v2.3
2026-10-04,tomorrow,2026-10-05 17:10:00,7449.607756,91.758718,158.557140,v2.3
2026-10-04,tomorrow,2026-10-05 17:15:00,7439.144463,92.295554,164.509192,v2.3
2026-10-04,tomorrow,2026-10-05 17:20:00,7459.839092,92.295554,164.306083,v2.3
2026-10-04,tomorrow,2026-10-05 17:25:00,7448.058604,92.295554,164.306083,v2.3
2026-10-04,tomorrow,2026-10-05 17:30:00,7369.421243,92.295554,169.367329,v2.3
2026-10-04,tomorrow,2026-10-05 17:35:00,7505.313550,91.758718,167.801211,v2.3
2026-10-04,tomorrow,2026-10-05 17:40:00,7427.613624,92.295554,169.367329,v2.3
2026-10-04,tomorrow,2026-10-05 17:45:00,7438.768879,92.295554,169.367329,v2.3
2026-10-04,tomorrow,2026-10-05 17:50:00,7539.180057,92.295554,169.018545,v2.3
2026-10-04,tomorrow,2026-10-05 17:55:00,7455.762483,92.295554,169.018545,v2.3
2026-10-04,tomorrow,2026-10-05 18:00:00,7451.362804,92.295554,169.018545,v2.3
2026-10-04,tomorrow,2026-10-05 18:05:00,7438.353324,92.295554,169.018545,v2.3
2026-10-04,tomorrow,2026-10-05 18:10:00,7468.771963,92.295554,169.018545,v2.3
2026-10-04,tomorrow,2026-10-05 18:15:00,7557.932611,92.295554,169.008837,v2.3
2026-10-04,tomorrow,2026-10-05 18:20:00,7462.088732,92.295554,169.018545,v2.3
2026-10-04,tomorrow,2026-10-05 18:25:00,7489.801423,92.295554,169.018545,v2.3
2026-10-04,tomorrow,2026-10-05 18:30:00,7444.679573,92.295554,169.018545,v2.3
2026-10-04,tomorrow,2026-10-05 18:35:00,7489.801423,92.295554,169.018545,v2.3
2026-10-04,tomorrow,2026-10-05 18:40:00,7460.032433,92.295554,168.623584,v2.3
2026-10-04,tomorrow,2026-10-05 18:45:00,7453.890527,92.295554,166.292264,v2.3
2026-10-04,tomorrow,2026-10-05 18:50:00,7453.890527,92.295554,166.086953,v2.3
2026-10-04,tomorrow,2026-10-05 18:55:00,7447.205763,92.295554,166.086953,v2.3
2026-10-04,tomorrow,2026-10-05 19:00:00,7438.338028,92.295554,166.086953,v2.3
2026-10-04,tomorrow,2026-10-05 19:05:00,7442.193147,92.295554,166.292264,v2.3
2026-10-04,tomorrow,2026-10-05 19:10:00,7432.421616,92.295554,166.292264,v2.3
2026-10-04,tomorrow,2026-10-05 19:15:00,7488.441055,91.995904,163.071822,v2.3
2026-10-04,tomorrow,2026-10-05 19:20:00,7580.146680,91.995904,161.932179,v2.3
2026-10-04,tomorrow,2026-10-05 19:25:00,7575.535316,91.995904,161.932179,v2.3
2026-10-04,tomorrow,2026-10-05 19:30:00,7590.222780,91.995904,162.132354,v2.3
2026-10-04,tomorrow,2026-10-05 19:35:00,7564.425931,91.995904,162.435583,v2.3
2026-10-04,tomorrow,2026-10-05 19:40:00,7604.362249,91.995904,162.435583,v2.3
2026-10-04,tomorrow,2026-10-05 19:45:00,7588.002778,91.458582,162.435583,v2.3
2026-10-04,tomorrow,2026-10-05 19:50:00,7581.962276,91.458582,162.435583,v2.3
2026-10-04,tomorrow,2026-10-05 19:55:00,7526.562685,91.222444,161.705596,v2.3
2026-10-04,tomorrow,2026-10-05 20:00:00,7631.340792,91.222444,162.435583,v2.3
2026-10-04,tomorrow,2026-10-05 20:05:00,7654.613630,91.222444,162.636380,v2.3
2026-10-04,tomorrow,2026-10-05 20:10:00,7598.808935,91.222444,162.636380,v2.3
2026-10-04,tomorrow,2026-10-05 20:15:00,7545.778147,90.433491,162.636380,v2.3
2026-10-04,tomorrow,2026-10-05 20:20:00,7500.615673,89.618935,160.219524,v2.3
2026-10-04,tomorrow,2026-10-05 20:25:00,7468.884220,89.618935,160.219524,v2.3
2026-10-04,tomorrow,2026-10-05 20:30:00,7456.010056,89.618935,160.417582,v2.3
2026-10-04,tomorrow,2026-10-05 20:35:00,7454.138670,90.150077,161.705596,v2.3
2026-10-04,tomorrow,2026-10-05 20:40:00,7534.097539,89.784997,162.435583,v2.3
2026-10-04,tomorrow,2026-10-05 20:45:00,7443.505948,89.784997,161.905491,v2.3
2026-10-04,tomorrow,2026-10-05 20:50:00,7439.732042,89.453741,161.705596,v2.3
2026-10-04,tomorrow,2026-10-05 20:55:00,7445.121157,89.089921,161.705596,v2.3
2026-10-04,tomorrow,2026-10-05 21:00:00,7423.577474,89.089921,161.705596,v2.3
2026-10-04,tomorrow,2026-10-05 21:05:00,7396.619292,89.089921,161.705596,v2.3
2026-10-04,tomorrow,2026-10-05 21:10:00,7421.907800,89.089921,161.905491,v2.3
2026-10-04,tomorrow,2026-10-05 21:15:00,7401.757325,89.089921,161.705596,v2.3
2026-10-04,tomorrow,2026-10-05 21:20:00,7460.710510,88.850613,161.705596,v2.3
2026-10-04,tomorrow,2026-10-05 21:25:00,7440.081777,88.850613,162.500929,v2.3
2026-10-04,tomorrow,2026-10-05 21:30:00,7459.092305,88.850613,162.500929,v2.3
2026-10-04,tomorrow,2026-10-05 21:35:00,7240.226223,88.850613,162.500929,v2.3
2026-10-04,tomorrow,2026-10-05 21:40:00,7393.837987,88.850613,162.500929,v2.3
2026-10-04,tomorrow,2026-10-05 21:45:00,7331.535924,88.850613,162.500929,v2.3
2026-10-04,tomorrow,2026-10-05 21:50:00,7193.704080,87.106712,162.500929,v2.3
2026-10-04,tomorrow,2026-10-05 21:55:00,7167.725264,87.106712,164.979714,v2.3
2026-10-04,tomorrow,2026-10-05 22:00:00,7163.816303,87.106712,163.978480,v2.3
2026-10-04,tomorrow,2026-10-05 22:05:00,7139.451637,87.106712,163.978480,v2.3
2026-10-04,tomorrow,2026-10-05 22:10:00,7161.308521,87.106712,167.346009,v2.3
2026-10-04,tomorrow,2026-10-05 22:15:00,7167.094132,87.106712,167.346009,v2.3
2026-10-04,tomorrow,2026-10-05 22:20:00,7159.081891,87.106712,166.330414,v2.3
2026-10-04,tomorrow,2026-10-05 22:25:00,7242.516608,87.106712,166.536026,v2.3
2026-10-04,tomorrow,2026-10-05 22:30:00,7136.752877,87.106712,166.536026,v2.3
2026-10-04,tomorrow,2026-10-05 22:35:00,7102.693332,87.106712,166.330414,v2.3
2026-10-04,tomorrow,2026-10-05 22:40:00,7086.063684,87.106712,166.330414,v2.3
2026-10-04,tomorrow,2026-10-05 22:45:00,7046.724219,87.106712,165.220448,v2.3
2026-10-04,tomorrow,2026-10-05 22:50:00,7053.700035,87.106712,166.330414,v2.3
2026-10-04,tomorrow,2026-10-05 22:55:00,7025.607178,87.106712,165.220448,v2.3
2026-10-04,tomorrow,2026-10-05 23:00:00,6928.561739,87.106712,165.220448,v2.3
2026-10-04,tomorrow,2026-10-05 23:05:00,6955.168200,87.106712,165.220448,v2.3
2026-10-04,tomorrow,2026-10-05 23:10:00,6955.168200,87.106712,165.016461,v2.3
2026-10-04,tomorrow,2026-10-05 23:15:00,6885.393486,87.106712,165.294941,v2.3
2026-10-04,tomorrow,2026-10-05 23:20:00,6852.481154,87.106712,165.499272,v2.3
2026-10-04,tomorrow,2026-10-05 23:25:00,6835.339445,87.106712,165.499272,v2.3
2026-10-04,tomorrow,2026-10-05 23:30:00,6841.680554,87.229900,165.621202,v2.3
2026-10-04,tomorrow,2026-10-05 23:35:00,6829.955636,87.229900,165.621202,v2.3
2026-10-04,tomorrow,2026-10-05 23:40:00,6823.476282,87.125286,164.436028,v2.3
2026-10-04,tomorrow,2026-10-05 23:45:00,6812.938488,87.125286,164.639298,v2.3
2026-10-04,tomorrow,2026-10-05 23:50:00,6774.404103,86.882019,164.639298,v2.3
2026-10-04,tomorrow,2026-10-05 23:55:00,6715.742093,86.882019,161.793528,v2.3
2026-10-04,tomorrow,2026-10-06 00:00:00,7262.023572,83.649302,130.432491,v2.3
