REGION,SETTLEMENTDATE,TOTALDEMAND,RRP,PERIODTYPE
NSW1,2026/10/01 00:05:00,7208.48,113.50,TRADE
NSW1,2026/10/01 00:10:00,7256.65,90.84,TRADE
NSW1,2026/10/01 00:15:00,7328.19,113.50,TRADE
NSW1,2026/10/01 00:20:00,7353.29,113.50,TRADE
NSW1,2026/10/01 00:25:00,7295.3,113.50,TRADE
NSW1,2026/10/01 00:30:00,7269.68,91.02,TRADE
NSW1,2026/10/01 00:35:00,7207.71,96.99,TRADE
NSW1,2026/10/01 00:40:00,7153.42,113.50,TRADE
NSW1,2026/10/01 00:45:00,7205.8,101.65,TRADE
NSW1,2026/10/01 00:50:00,7174.11,99.42,TRADE
NSW1,2026/10/01 00:55:00,7108.03,96.99,TRADE
NSW1,2026/10/01 01:00:00,7009.23,93.81,TRADE
NSW1,2026/10/01 01:05:00,7054.42,100.21,TRADE
NSW1,2026/10/01 01:10:00,7036.93,102.24,TRADE
NSW1,2026/10/01 01:15:00,6892.38,96.99,TRADE
NSW1,2026/10/01 01:20:00,6859.7,96.99,TRADE
NSW1,2026/10/01 01:25:00,6919.09,96.99,TRADE
NSW1,2026/10/01 01:30:00,6876.41,96.89,TRADE
NSW1,2026/10/01 01:35:00,6792.53,96.99,TRADE
NSW1,2026/10/01 01:40:00,6787.1,96.99,TRADE
NSW1,2026/10/01 01:45:00,6772.32,97.35,TRADE
NSW1,2026/10/01 01:50:00,6777.09,108.74,TRADE
NSW1,2026/10/01 01:55:00,6719.68,96.99,TRADE
NSW1,2026/10/01 02:00:00,6732.13,96.89,TRADE
NSW1,2026/10/01 02:05:00,6691.43,96.99,TRADE
NSW1,2026/10/01 02:10:00,6665.81,96.99,TRADE
NSW1,2026/10/01 02:15:00,6724.38,96.99,TRADE
NSW1,2026/10/01 02:20:00,6686.11,98.68,TRADE
NSW1,2026/10/01 02:25:00,6695.81,98.39,TRADE
NSW1,2026/10/01 02:30:00,6589.49,96.99,TRADE
NSW1,2026/10/01 02:35:00,6657.19,96.99,TRADE
NSW1,2026/10/01 02:40:00,6644.14,96.89,TRADE
NSW1,2026/10/01 02:45:00,6620.66,96.31,TRADE
NSW1,2026/10/01 02:50:00,6545.11,89.91,TRADE
NSW1,2026/10/01 02:55:00,6582.01,91.23,TRADE
NSW1,2026/10/01 03:00:00,6557.31,85.42,TRADE
NSW1,2026/10/01 03:05:00,6564.99,92.57,TRADE
NSW1,2026/10/01 03:10:00,6621.54,96.25,TRADE
NSW1,2026/10/01 03:15:00,6544.81,96.29,TRADE
NSW1,2026/10/01 03:20:00,6528.61,94.13,TRADE
NSW1,2026/10/01 03:25:00,6605.43,96.64,TRADE
NSW1,2026/10/01 03:30:00,6495.57,93.44,TRADE
NSW1,2026/10/01 03:35:00,6473.28,93.48,TRADE
NSW1,2026/10/01 03:40:00,6592.34,96.99,TRADE
NSW1,2026/10/01 03:45:00,6619.7,97.13,TRADE
NSW1,2026/10/01 03:50:00,6656.72,90.41,TRADE
NSW1,2026/10/01 03:55:00,6573.42,88.88,TRADE
NSW1,2026/10/01 04:00:00,6577.99,96.53,TRADE
NSW1,2026/10/01 04:05:00,6564.86,96.51,TRADE
NSW1,2026/10/01 04:10:00,6603.01,95.81,TRADE
NSW1,2026/10/01 04:15:00,6666.13,97.73,TRADE
NSW1,2026/10/01 04:20:00,6606.55,95.08,TRADE
NSW1,2026/10/01 04:25:00,6590.23,93.70,TRADE
NSW1,2026/10/01 04:30:00,6633.95,94.40,TRADE
NSW1,2026/10/01 04:35:00,6574.27,84.79,TRADE
NSW1,2026/10/01 04:40:00,6566.53,92.19,TRADE
NSW1,2026/10/01 04:45:00,6570.19,88.88,TRADE
NSW1,2026/10/01 04:50:00,6603.82,80.10,TRADE
NSW1,2026/10/01 04:55:00,6634.74,83.34,TRADE
NSW1,2026/10/01 05:00:00,6686.58,90.21,TRADE
NSW1,2026/10/01 05:05:00,6687.62,90.21,TRADE
NSW1,2026/10/01 05:10:00,6771.53,95.15,TRADE
NSW1,2026/10/01 05:15:00,6719.42,81.91,TRADE
NSW1,2026/10/01 05:20:00,6868.68,90.21,TRADE
NSW1,2026/10/01 05:25:00,6809.84,90.67,TRADE
NSW1,2026/10/01 05:30:00,6789.14,92.42,TRADE
NSW1,2026/10/01 05:35:00,6805.72,96.81,TRADE
NSW1,2026/10/01 05:40:00,6797.96,89.14,TRADE
NSW1,2026/10/01 05:45:00,6823.07,91.09,TRADE
NSW1,2026/10/01 05:50:00,6826.91,84.79,TRADE
NSW1,2026/10/01 05:55:00,6931.56,87.81,TRADE
NSW1,2026/10/01 06:00:00,6831.14,88.24,TRADE
NSW1,2026/10/01 06:05:00,6863.85,88.84,TRADE
NSW1,2026/10/01 06:10:00,6953.42,88.88,TRADE
NSW1,2026/10/01 06:15:00,6994.7,88.84,TRADE
NSW1,2026/10/01 06:20:00,6961.94,64.02,TRADE
NSW1,2026/10/01 06:25:00,6915.3,51.68,TRADE
NSW1,2026/10/01 06:30:00,6871.19,51.69,TRADE
NSW1,2026/10/01 06:35:00,6802.28,36.41,TRADE
NSW1,2026/10/01 06:40:00,6947.2,50.54,TRADE
NSW1,2026/10/01 06:45:00,6967.87,65.20,TRADE
NSW1,2026/10/01 06:50:00,6856.45,34.72,TRADE
NSW1,2026/10/01 06:55:00,6825.44,45.84,TRADE
NSW1,2026/10/01 07:00:00,6793.34,57.17,TRADE
NSW1,2026/10/01 07:05:00,6763.85,64.02,TRADE
NSW1,2026/10/01 07:10:00,6692.36,64.02,TRADE
NSW1,2026/10/01 07:15:00,6667.5,45.44,TRADE
NSW1,2026/10/01 07:20:00,6680.34,68.87,TRADE
NSW1,2026/10/01 07:25:00,6661.83,76.30,TRADE
NSW1,2026/10/01 07:30:00,6539.11,0.99,TRADE
NSW1,2026/10/01 07:35:00,6634.48,75.95,TRADE
NSW1,2026/10/01 07:40:00,6388.75,0.99,TRADE
NSW1,2026/10/01 07:45:00,6341.75,0.99,TRADE
NSW1,2026/10/01 07:50:00,6386.18,0.99,TRADE
NSW1,2026/10/01 07:55:00,6445.34,61.02,TRADE
NSW1,2026/10/01 08:00:00,6200.67,42.45,TRADE
NSW1,2026/10/01 08:05:00,6280.76,0.99,TRADE
NSW1,2026/10/01 08:10:00,6315.07,11.40,TRADE
NSW1,2026/10/01 08:15:00,6259.11,64.95,TRADE
NSW1,2026/10/01 08:20:00,6137.45,25.10,TRADE
NSW1,2026/10/01 08:25:00,5986.2,25.10,TRADE
NSW1,2026/10/01 08:30:00,5875.75,1.20,TRADE
NSW1,2026/10/01 08:35:00,5946.22,52.21,TRADE
NSW1,2026/10/01 08:40:00,5804.65,61.02,TRADE
NSW1,2026/10/01 08:45:00,5627.55,23.95,TRADE
NSW1,2026/10/01 08:50:00,5666.78,41.88,TRADE
NSW1,2026/10/01 08:55:00,5640.02,52.21,TRADE
NSW1,2026/10/01 09:00:00,5541.71,52.21,TRADE
NSW1,2026/10/01 09:05:00,5471.26,11.88,TRADE
NSW1,2026/10/01 09:10:00,5428.49,11.88,TRADE
NSW1,2026/10/01 09:15:00,5437.05,41.76,TRADE
NSW1,2026/10/01 09:20:00,5285.26,42.94,TRADE
NSW1,2026/10/01 09:25:00,5289.22,41.76,TRADE
NSW1,2026/10/01 09:30:00,5188.24,42.94,TRADE
NSW1,2026/10/01 09:35:00,5098.43,46.99,TRADE
NSW1,2026/10/01 09:40:00,5027.69,28.01,TRADE
NSW1,2026/10/01 09:45:00,5085.58,42.94,TRADE
NSW1,2026/10/01 09:50:00,4959.96,46.99,TRADE
NSW1,2026/10/01 09:55:00,4890.61,52.21,TRADE
NSW1,2026/10/01 10:00:00,4854.57,46.99,TRADE
NSW1,2026/10/01 10:05:00,4857.86,46.99,TRADE
NSW1,2026/10/01 10:10:00,4970.95,46.99,TRADE
NSW1,2026/10/01 10:15:00,4983.53,46.99,TRADE
NSW1,2026/10/01 10:20:00,5002.96,46.99,TRADE
NSW1,2026/10/01 10:25:00,4965.43,46.99,TRADE
NSW1,2026/10/01 10:30:00,4905.06,46.99,TRADE
NSW1,2026/10/01 10:35:00,4849.03,53.15,TRADE
NSW1,2026/10/01 10:40:00,4870.79,67.18,TRADE
NSW1,2026/10/01 10:45:00,4724.83,46.99,TRADE
NSW1,2026/10/01 10:50:00,4771.1,46.99,TRADE
NSW1,2026/10/01 10:55:00,4759,46.99,TRADE
NSW1,2026/10/01 11:00:00,4678.78,46.99,TRADE
NSW1,2026/10/01 11:05:00,4588.53,53.15,TRADE
NSW1,2026/10/01 11:10:00,4608.68,53.15,TRADE
NSW1,2026/10/01 11:15:00,4659.17,46.99,TRADE
NSW1,2026/10/01 11:20:00,4638.65,65.99,TRADE
NSW1,2026/10/01 11:25:00,4595.52,65.99,TRADE
NSW1,2026/10/01 11:30:00,4562.22,65.99,TRADE
NSW1,2026/10/01 11:35:00,4631.5,65.99,TRADE
NSW1,2026/10/01 11:40:00,4606.39,65.99,TRADE
NSW1,2026/10/01 11:45:00,4702.55,65.99,TRADE
NSW1,2026/10/01 11:50:00,4872.15,65.99,TRADE
NSW1,2026/10/01 11:55:00,4901.39,67.18,TRADE
NSW1,2026/10/01 12:00:00,4883.78,67.18,TRADE
NSW1,2026/10/01 12:05:00,4805.46,67.18,TRADE
NSW1,2026/10/01 12:10:00,4943.25,68.03,TRADE
NSW1,2026/10/01 12:15:00,4911.68,88.88,TRADE
NSW1,2026/10/01 12:20:00,4809.61,73.30,TRADE
NSW1,2026/10/01 12:25:00,4974.39,73.30,TRADE
NSW1,2026/10/01 12:30:00,4942.55,73.30,TRADE
NSW1,2026/10/01 12:35:00,4918.24,67.18,TRADE
NSW1,2026/10/01 12:40:00,5025.41,76.30,TRADE
NSW1,2026/10/01 12:45:00,4993.99,68.02,TRADE
NSW1,2026/10/01 12:50:00,5094.21,88.38,TRADE
NSW1,2026/10/01 12:55:00,5084.2,99.01,TRADE
NSW1,2026/10/01 13:00:00,5104.6,90.22,TRADE
NSW1,2026/10/01 13:05:00,5319.62,94.26,TRADE
NSW1,2026/10/01 13:10:00,5291.8,92.29,TRADE
NSW1,2026/10/01 13:15:00,5342.92,88.89,TRADE
NSW1,2026/10/01 13:20:00,5397.77,71.42,TRADE
NSW1,2026/10/01 13:25:00,5423.59,75.95,TRADE
NSW1,2026/10/01 13:30:00,5502.55,76.30,TRADE
NSW1,2026/10/01 13:35:00,5691.95,88.89,TRADE
NSW1,2026/10/01 13:40:00,5742.94,88.89,TRADE
NSW1,2026/10/01 13:45:00,5816.27,88.89,TRADE
NSW1,2026/10/01 13:50:00,5898.11,89.62,TRADE
NSW1,2026/10/01 13:55:00,5961.53,88.89,TRADE
NSW1,2026/10/01 14:00:00,5844.79,88.89,TRADE
NSW1,2026/10/01 14:05:00,5917.71,92.37,TRADE
NSW1,2026/10/01 14:10:00,5970.13,99.01,TRADE
NSW1,2026/10/01 14:15:00,5972.62,99.99,TRADE
NSW1,2026/10/01 14:20:00,5946.72,88.89,TRADE
NSW1,2026/10/01 14:25:00,5960.72,119.23,TRADE
NSW1,2026/10/01 14:30:00,6006.78,88.89,TRADE
NSW1,2026/10/01 14:35:00,6111.33,106.52,TRADE
NSW1,2026/10/01 14:40:00,6197.98,99.99,TRADE
NSW1,2026/10/01 14:45:00,6271.69,108.60,TRADE
NSW1,2026/10/01 14:50:00,6422.92,129.71,TRADE
NSW1,2026/10/01 14:55:00,6444.66,118.65,TRADE
NSW1,2026/10/01 15:00:00,6535.57,130.23,TRADE
NSW1,2026/10/01 15:05:00,6582.73,118.65,TRADE
NSW1,2026/10/01 15:10:00,6679.37,118.65,TRADE
NSW1,2026/10/01 15:15:00,6813.47,130.23,TRADE
NSW1,2026/10/01 15:20:00,6843.7,106.52,TRADE
NSW1,2026/10/01 15:25:00,6975.72,130.23,TRADE
NSW1,2026/10/01 15:30:00,6985.33,130.23,TRADE
NSW1,2026/10/01 15:35:00,7145.11,130.23,TRADE
NSW1,2026/10/01 15:40:00,7247.5,119,TRADE
NSW1,2026/10/01 15:45:00,7348.67,130.23,TRADE
NSW1,2026/10/01 15:50:00,7350.12,130.23,TRADE
NSW1,2026/10/01 15:55:00,7356.7,130.23,TRADE
NSW1,2026/10/01 16:00:00,7378.29,130.23,TRADE
NSW1,2026/10/01 16:05:00,7567.82,137.89,TRADE
NSW1,2026/10/01 16:10:00,7664.85,138,TRADE
NSW1,2026/10/01 16:15:00,7780.18,113.94,TRADE
NSW1,2026/10/01 16:20:00,8004.67,130.01,TRADE
NSW1,2026/10/01 16:25:00,8052.8,138.93,TRADE
NSW1,2026/10/01 16:30:00,8107.09,145.98,TRADE
NSW1,2026/10/01 16:35:00,8130.46,127.14,TRADE
NSW1,2026/10/01 16:40:00,8214.61,113.50,TRADE
NSW1,2026/10/01 16:45:00,8361.54,119,TRADE
NSW1,2026/10/01 16:50:00,8385.34,130.01,TRADE
NSW1,2026/10/01 16:55:00,8519.34,129.88,TRADE
NSW1,2026/10/01 17:00:00,8481.68,134.36,TRADE
NSW1,2026/10/01 17:05:00,8495.03,128.39,TRADE
NSW1,2026/10/01 17:10:00,8489.54,129.48,TRADE
NSW1,2026/10/01 17:15:00,8529.54,119,TRADE
NSW1,2026/10/01 17:20:00,8586.9,121.54,TRADE
NSW1,2026/10/01 17:25:00,8735.73,126.85,TRADE
NSW1,2026/10/01 17:30:00,8621.01,121.98,TRADE
NSW1,2026/10/01 17:35:00,8664.9,123.68,TRADE
NSW1,2026/10/01 17:40:00,8657.97,123.57,TRADE
NSW1,2026/10/01 17:45:00,8669.97,121.10,TRADE
NSW1,2026/10/01 17:50:00,8793.75,122.88,TRADE
NSW1,2026/10/01 17:55:00,8900.71,131.76,TRADE
NSW1,2026/10/01 18:00:00,8802.17,130.40,TRADE
NSW1,2026/10/01 18:05:00,8813.34,119,TRADE
NSW1,2026/10/01 18:10:00,8777.33,114.95,TRADE
NSW1,2026/10/01 18:15:00,8792.06,117.93,TRADE
NSW1,2026/10/01 18:20:00,8849.45,121.01,TRADE
NSW1,2026/10/01 18:25:00,8904.36,121.01,TRADE
NSW1,2026/10/01 18:30:00,8858.85,106.85,TRADE
NSW1,2026/10/01 18:35:00,8904.76,119,TRADE
NSW1,2026/10/01 18:40:00,8798.22,121.01,TRADE
NSW1,2026/10/01 18:45:00,8806.2,119,TRADE
NSW1,2026/10/01 18:50:00,8816.06,119.01,TRADE
NSW1,2026/10/01 18:55:00,8804.05,122.83,TRADE
NSW1,2026/10/01 19:00:00,8639.41,119,TRADE
NSW1,2026/10/01 19:05:00,8638.78,116.85,TRADE
NSW1,2026/10/01 19:10:00,8572.41,119,TRADE
NSW1,2026/10/01 19:15:00,8581.05,116.82,TRADE
NSW1,2026/10/01 19:20:00,8530.39,118.65,TRADE
NSW1,2026/10/01 19:25:00,8578.73,119,TRADE
NSW1,2026/10/01 19:30:00,8552.14,117.87,TRADE
NSW1,2026/10/01 19:35:00,8535.68,119.01,TRADE
NSW1,2026/10/01 19:40:00,8432.58,114.28,TRADE
NSW1,2026/10/01 19:45:00,8441.01,119.01,TRADE
NSW1,2026/10/01 19:50:00,8405.47,119,TRADE
NSW1,2026/10/01 19:55:00,8420.9,118.65,TRADE
NSW1,2026/10/01 20:00:00,8412.1,119.01,TRADE
NSW1,2026/10/01 20:05:00,8316.11,118.65,TRADE
NSW1,2026/10/01 20:10:00,8345.94,119,TRADE
NSW1,2026/10/01 20:15:00,8306.93,119.01,TRADE
NSW1,2026/10/01 20:20:00,8269.6,113.41,TRADE
NSW1,2026/10/01 20:25:00,8215.72,110.38,TRADE
NSW1,2026/10/01 20:30:00,8179.22,108.73,TRADE
NSW1,2026/10/01 20:35:00,8212.67,118.65,TRADE
NSW1,2026/10/01 20:40:00,8196.67,124.92,TRADE
NSW1,2026/10/01 20:45:00,8135.28,119,TRADE
NSW1,2026/10/01 20:50:00,8024.04,104.51,TRADE
NSW1,2026/10/01 20:55:00,8036.15,118.65,TRADE
NSW1,2026/10/01 21:00:00,8012.76,116.66,TRADE
NSW1,2026/10/01 21:05:00,8027.41,121.10,TRADE
NSW1,2026/10/01 21:10:00,7976.33,117.94,TRADE
NSW1,2026/10/01 21:15:00,8006.09,99.99,TRADE
NSW1,2026/10/01 21:20:00,8004.77,121.10,TRADE
NSW1,2026/10/01 21:25:00,7862.89,119.30,TRADE
NSW1,2026/10/01 21:30:00,7830.95,118.70,TRADE
NSW1,2026/10/01 21:35:00,7830.28,119,TRADE
NSW1,2026/10/01 21:40:00,7836.98,119,TRADE
NSW1,2026/10/01 21:45:00,7868.64,117.43,TRADE
NSW1,2026/10/01 21:50:00,7866.7,117.41,TRADE
NSW1,2026/10/01 21:55:00,7839.93,117.49,TRADE
NSW1,2026/10/01 22:00:00,7767.16,114.95,TRADE
NSW1,2026/10/01 22:05:00,7732.29,113.50,TRADE
NSW1,2026/10/01 22:10:00,7856.29,119,TRADE
NSW1,2026/10/01 22:15:00,7891.95,114.95,TRADE
NSW1,2026/10/01 22:20:00,7831.54,113.50,TRADE
NSW1,2026/10/01 22:25:00,7716.47,118.01,TRADE
NSW1,2026/10/01 22:30:00,7683.51,114.95,TRADE
NSW1,2026/10/01 22:35:00,7701.34,113.50,TRADE
NSW1,2026/10/01 22:40:00,7681.58,113.50,TRADE
NSW1,2026/10/01 22:45:00,7657.54,118.38,TRADE
NSW1,2026/10/01 22:50:00,7634.28,118.34,TRADE
NSW1,2026/10/01 22:55:00,7540.67,113.50,TRADE
NSW1,2026/10/01 23:00:00,7594.19,115.27,TRADE
NSW1,2026/10/01 23:05:00,7614.85,115.40,TRADE
NSW1,2026/10/01 23:10:00,7593.78,113.50,TRADE
NSW1,2026/10/01 23:15:00,7602.2,114.54,TRADE
NSW1,2026/10/01 23:20:00,7450.72,96.99,TRADE
NSW1,2026/10/01 23:25:00,7478.26,98.46,TRADE
NSW1,2026/10/01 23:30:00,7453.64,97.24,TRADE
NSW1,2026/10/01 23:35:00,7456.98,98.44,TRADE
NSW1,2026/10/01 23:40:00,7386.13,106.54,TRADE
NSW1,2026/10/01 23:45:00,7435.27,106.52,TRADE
NSW1,2026/10/01 23:50:00,7360.93,96.99,TRADE
NSW1,2026/10/01 23:55:00,7366.4,114.54,TRADE
NSW1,2026/10/02 00:00:00,7388.62,110.15,TRADE
NSW1,2026/10/02 00:05:00,7276.7,94.55,TRADE
NSW1,2026/10/02 00:10:00,7351.72,113.94,TRADE
NSW1,2026/10/02 00:15:00,7432.06,112.58,TRADE
NSW1,2026/10/02 00:20:00,7424.76,111.04,TRADE
NSW1,2026/10/02 00:25:00,7393.4,110.29,TRADE
NSW1,2026/10/02 00:30:00,7297.85,109.41,TRADE
NSW1,2026/10/02 00:35:00,7294.82,112.30,TRADE
NSW1,2026/10/02 00:40:00,7324.34,112.63,TRADE
NSW1,2026/10/02 00:45:00,7275.47,106.65,TRADE
NSW1,2026/10/02 00:50:00,7254.19,113.95,TRADE
NSW1,2026/10/02 00:55:00,7147.5,106.52,TRADE
NSW1,2026/10/02 01:00:00,7170.8,96.99,TRADE
NSW1,2026/10/02 01:05:00,7106,116.28,TRADE
NSW1,2026/10/02 01:10:00,7114.53,116.39,TRADE
NSW1,2026/10/02 01:15:00,6980.73,114.71,TRADE
NSW1,2026/10/02 01:20:00,6941.94,113.94,TRADE
NSW1,2026/10/02 01:25:00,6940.76,114.71,TRADE
NSW1,2026/10/02 01:30:00,6987.25,114.89,TRADE
NSW1,2026/10/02 01:35:00,6866.9,119,TRADE
NSW1,2026/10/02 01:40:00,6872.55,118.66,TRADE
NSW1,2026/10/02 01:45:00,6730.76,115.82,TRADE
NSW1,2026/10/02 01:50:00,6742.93,118.19,TRADE
NSW1,2026/10/02 01:55:00,6727.09,119,TRADE
NSW1,2026/10/02 02:00:00,6743.59,118.65,TRADE
NSW1,2026/10/02 02:05:00,6783.42,119.01,TRADE
NSW1,2026/10/02 02:10:00,6735.74,117.98,TRADE
NSW1,2026/10/02 02:15:00,6708.13,135.06,TRADE
NSW1,2026/10/02 02:20:00,6687.69,118.65,TRADE
NSW1,2026/10/02 02:25:00,6625.82,117.60,TRADE
NSW1,2026/10/02 02:30:00,6575.54,116.54,TRADE
NSW1,2026/10/02 02:35:00,6531.82,119.01,TRADE
NSW1,2026/10/02 02:40:00,6514.43,115.70,TRADE
NSW1,2026/10/02 02:45:00,6598.29,119.01,TRADE
NSW1,2026/10/02 02:50:00,6619.06,119.01,TRADE
NSW1,2026/10/02 02:55:00,6561.78,119,TRADE
NSW1,2026/10/02 03:00:00,6535.83,104.89,TRADE
NSW1,2026/10/02 03:05:00,6499.98,97.09,TRADE
NSW1,2026/10/02 03:10:00,6455.91,98.06,TRADE
NSW1,2026/10/02 03:15:00,6530.04,119.01,TRADE
NSW1,2026/10/02 03:20:00,6504.17,118.70,TRADE
NSW1,2026/10/02 03:25:00,6530.08,119,TRADE
NSW1,2026/10/02 03:30:00,6551.43,116.39,TRADE
NSW1,2026/10/02 03:35:00,6457.75,101.66,TRADE
NSW1,2026/10/02 03:40:00,6428.33,100.18,TRADE
NSW1,2026/10/02 03:45:00,6490.61,101.73,TRADE
NSW1,2026/10/02 03:50:00,6510.9,103.04,TRADE
NSW1,2026/10/02 03:55:00,6520.7,102.96,TRADE
NSW1,2026/10/02 04:00:00,6450.94,102.97,TRADE
NSW1,2026/10/02 04:05:00,6528.95,102.95,TRADE
NSW1,2026/10/02 04:10:00,6601.49,103.49,TRADE
NSW1,2026/10/02 04:15:00,6570.81,96.99,TRADE
NSW1,2026/10/02 04:20:00,6603.05,96.99,TRADE
NSW1,2026/10/02 04:25:00,6556.08,95.37,TRADE
NSW1,2026/10/02 04:30:00,6463.61,90,TRADE
NSW1,2026/10/02 04:35:00,6499.21,88.97,TRADE
NSW1,2026/10/02 04:40:00,6608.41,90,TRADE
NSW1,2026/10/02 04:45:00,6646.7,100.45,TRADE
NSW1,2026/10/02 04:50:00,6635.13,96.99,TRADE
NSW1,2026/10/02 04:55:00,6683.26,90,TRADE
NSW1,2026/10/02 05:00:00,6664.81,90.50,TRADE
NSW1,2026/10/02 05:05:00,6700.61,90,TRADE
NSW1,2026/10/02 05:10:00,6754.52,90,TRADE
NSW1,2026/10/02 05:15:00,6759.41,96.99,TRADE
NSW1,2026/10/02 05:20:00,6757.26,95.31,TRADE
NSW1,2026/10/02 05:25:00,6769.09,96.99,TRADE
NSW1,2026/10/02 05:30:00,6812.82,96.99,TRADE
NSW1,2026/10/02 05:35:00,6828.43,101.61,TRADE
NSW1,2026/10/02 05:40:00,6865.82,101.71,TRADE
NSW1,2026/10/02 05:45:00,6786.56,94.35,TRADE
NSW1,2026/10/02 05:50:00,6853.91,95.15,TRADE
NSW1,2026/10/02 05:55:00,6837.85,92.19,TRADE
NSW1,2026/10/02 06:00:00,6839.29,93.68,TRADE
NSW1,2026/10/02 06:05:00,6835.26,75.95,TRADE
NSW1,2026/10/02 06:10:00,6883.32,75.95,TRADE
NSW1,2026/10/02 06:15:00,6823.98,75.10,TRADE
NSW1,2026/10/02 06:20:00,6884.25,79.90,TRADE
NSW1,2026/10/02 06:25:00,6894.4,83.99,TRADE
NSW1,2026/10/02 06:30:00,6832.06,67.99,TRADE
NSW1,2026/10/02 06:35:00,6834.72,65.31,TRADE
NSW1,2026/10/02 06:40:00,6875.32,75.96,TRADE
NSW1,2026/10/02 06:45:00,6889.25,75.96,TRADE
NSW1,2026/10/02 06:50:00,6893.34,67.99,TRADE
NSW1,2026/10/02 06:55:00,6879.9,61.02,TRADE
NSW1,2026/10/02 07:00:00,6853.9,67.99,TRADE
NSW1,2026/10/02 07:05:00,6774.64,76.30,TRADE
NSW1,2026/10/02 07:10:00,6685.64,76.30,TRADE
NSW1,2026/10/02 07:15:00,6797.22,46.99,TRADE
NSW1,2026/10/02 07:20:00,6914.25,70.94,TRADE
NSW1,2026/10/02 07:25:00,6834.26,76.30,TRADE
NSW1,2026/10/02 07:30:00,6864.37,75.96,TRADE
NSW1,2026/10/02 07:35:00,6919.52,86.73,TRADE
NSW1,2026/10/02 07:40:00,6971.65,85.01,TRADE
NSW1,2026/10/02 07:45:00,6912.67,88.89,TRADE
NSW1,2026/10/02 07:50:00,6828.13,87.92,TRADE
NSW1,2026/10/02 07:55:00,6863.84,88.40,TRADE
NSW1,2026/10/02 08:00:00,6798.26,86.64,TRADE
NSW1,2026/10/02 08:05:00,6818.6,75.95,TRADE
NSW1,2026/10/02 08:10:00,6905.06,88.89,TRADE
NSW1,2026/10/02 08:15:00,6784.83,86.01,TRADE
NSW1,2026/10/02 08:20:00,6701.68,84.79,TRADE
NSW1,2026/10/02 08:25:00,6679.34,90,TRADE
NSW1,2026/10/02 08:30:00,6622.94,90,TRADE
NSW1,2026/10/02 08:35:00,6621.09,118.65,TRADE
NSW1,2026/10/02 08:40:00,6499.11,106.52,TRADE
NSW1,2026/10/02 08:45:00,6395.54,73.27,TRADE
NSW1,2026/10/02 08:50:00,6332.78,88.89,TRADE
NSW1,2026/10/02 08:55:00,6351.56,109.86,TRADE
NSW1,2026/10/02 09:00:00,6334.74,88.89,TRADE
NSW1,2026/10/02 09:05:00,6260.36,73.30,TRADE
NSW1,2026/10/02 09:10:00,6371.58,81.49,TRADE
NSW1,2026/10/02 09:15:00,6381.96,88.89,TRADE
NSW1,2026/10/02 09:20:00,6446.22,85.81,TRADE
NSW1,2026/10/02 09:25:00,6331.58,84.79,TRADE
NSW1,2026/10/02 09:30:00,6245.51,73.27,TRADE
NSW1,2026/10/02 09:35:00,6161.48,64.02,TRADE
NSW1,2026/10/02 09:40:00,6175.93,65.51,TRADE
NSW1,2026/10/02 09:45:00,6006.55,48.53,TRADE
NSW1,2026/10/02 09:50:00,6106.71,64.02,TRADE
NSW1,2026/10/02 09:55:00,6189.92,75.96,TRADE
NSW1,2026/10/02 10:00:00,6311.5,73.29,TRADE
NSW1,2026/10/02 10:05:00,6240.05,65.51,TRADE
NSW1,2026/10/02 10:10:00,6261.34,73.29,TRADE
NSW1,2026/10/02 10:15:00,6287.55,65.89,TRADE
NSW1,2026/10/02 10:20:00,6363.09,75.96,TRADE
NSW1,2026/10/02 10:25:00,6238.91,46.99,TRADE
NSW1,2026/10/02 10:30:00,6230.23,64.02,TRADE
NSW1,2026/10/02 10:35:00,6231.54,75.96,TRADE
NSW1,2026/10/02 10:40:00,6295.26,67.99,TRADE
NSW1,2026/10/02 10:45:00,6224.31,54.37,TRADE
NSW1,2026/10/02 10:50:00,6329.79,53.22,TRADE
NSW1,2026/10/02 10:55:00,6364.33,67.18,TRADE
NSW1,2026/10/02 11:00:00,6254.97,65.89,TRADE
NSW1,2026/10/02 11:05:00,6139.57,61.02,TRADE
NSW1,2026/10/02 11:10:00,6223.26,75.95,TRADE
NSW1,2026/10/02 11:15:00,6095.62,53.56,TRADE
NSW1,2026/10/02 11:20:00,6040.99,52.89,TRADE
NSW1,2026/10/02 11:25:00,5831.84,59.60,TRADE
NSW1,2026/10/02 11:30:00,5762.07,46.99,TRADE
NSW1,2026/10/02 11:35:00,5885.85,46.99,TRADE
NSW1,2026/10/02 11:40:00,5887.01,52.89,TRADE
NSW1,2026/10/02 11:45:00,5782.27,68.02,TRADE
NSW1,2026/10/02 11:50:00,5797.43,67.18,TRADE
NSW1,2026/10/02 11:55:00,5746.5,64.02,TRADE
NSW1,2026/10/02 12:00:00,5799.87,68.02,TRADE
NSW1,2026/10/02 12:05:00,5870.94,75.95,TRADE
NSW1,2026/10/02 12:10:00,5868.62,75.96,TRADE
NSW1,2026/10/02 12:15:00,6026.81,88.89,TRADE
NSW1,2026/10/02 12:20:00,6093.54,88.89,TRADE
NSW1,2026/10/02 12:25:00,6119.81,75.95,TRADE
NSW1,2026/10/02 12:30:00,6133.74,46.99,TRADE
NSW1,2026/10/02 12:35:00,6394.19,52.21,TRADE
NSW1,2026/10/02 12:40:00,6662.46,84.79,TRADE
NSW1,2026/10/02 12:45:00,6766.66,119,TRADE
NSW1,2026/10/02 12:50:00,6841.97,119.01,TRADE
NSW1,2026/10/02 12:55:00,6878.2,100.30,TRADE
NSW1,2026/10/02 13:00:00,7003.29,119,TRADE
NSW1,2026/10/02 13:05:00,7064.63,118.65,TRADE
NSW1,2026/10/02 13:10:00,7074.15,99.01,TRADE
NSW1,2026/10/02 13:15:00,7015.98,99.01,TRADE
NSW1,2026/10/02 13:20:00,7064.35,99.01,TRADE
NSW1,2026/10/02 13:25:00,7066.94,97.63,TRADE
NSW1,2026/10/02 13:30:00,7014.46,73.59,TRADE
NSW1,2026/10/02 13:35:00,7016.8,88.88,TRADE
NSW1,2026/10/02 13:40:00,6990.33,75.95,TRADE
NSW1,2026/10/02 13:45:00,7008.58,82.62,TRADE
NSW1,2026/10/02 13:50:00,7061.35,109.87,TRADE
NSW1,2026/10/02 13:55:00,7051.25,106.52,TRADE
NSW1,2026/10/02 14:00:00,7189.1,106.52,TRADE
NSW1,2026/10/02 14:05:00,7256.26,88.89,TRADE
NSW1,2026/10/02 14:10:00,7422.89,97.63,TRADE
NSW1,2026/10/02 14:15:00,7499.59,106.52,TRADE
NSW1,2026/10/02 14:20:00,7542.8,73.23,TRADE
NSW1,2026/10/02 14:25:00,7693.64,118.65,TRADE
NSW1,2026/10/02 14:30:00,7531.99,96.99,TRADE
NSW1,2026/10/02 14:35:00,7570.32,90,TRADE
NSW1,2026/10/02 14:40:00,7632.76,97.63,TRADE
NSW1,2026/10/02 14:45:00,7655.01,118.65,TRADE
NSW1,2026/10/02 14:50:00,7675.82,106.52,TRADE
NSW1,2026/10/02 14:55:00,7715.22,107.97,TRADE
NSW1,2026/10/02 15:00:00,7772.96,118.65,TRADE
NSW1,2026/10/02 15:05:00,7877.49,113.50,TRADE
NSW1,2026/10/02 15:10:00,7897.8,113.50,TRADE
NSW1,2026/10/02 15:15:00,7836.88,106.52,TRADE
NSW1,2026/10/02 15:20:00,7915.31,113.50,TRADE
NSW1,2026/10/02 15:25:00,7960.2,113.50,TRADE
NSW1,2026/10/02 15:30:00,8075.07,119,TRADE
NSW1,2026/10/02 15:35:00,8045.8,109.02,TRADE
NSW1,2026/10/02 15:40:00,8036.33,95.95,TRADE
NSW1,2026/10/02 15:45:00,8141.99,96.99,TRADE
NSW1,2026/10/02 15:50:00,8200.18,96.99,TRADE
NSW1,2026/10/02 15:55:00,8246.63,97.63,TRADE
NSW1,2026/10/02 16:00:00,8214.21,110.15,TRADE
NSW1,2026/10/02 16:05:00,8259.66,106.52,TRADE
NSW1,2026/10/02 16:10:00,8363.91,109.86,TRADE
NSW1,2026/10/02 16:15:00,8398.92,119.01,TRADE
NSW1,2026/10/02 16:20:00,8371.98,113.50,TRADE
NSW1,2026/10/02 16:25:00,8489.32,113.50,TRADE
NSW1,2026/10/02 16:30:00,8513.75,118.65,TRADE
NSW1,2026/10/02 16:35:00,8585.78,105.67,TRADE
NSW1,2026/10/02 16:40:00,8692.66,75.96,TRADE
NSW1,2026/10/02 16:45:00,8721.7,119.37,TRADE
NSW1,2026/10/02 16:50:00,8616.3,118.65,TRADE
NSW1,2026/10/02 16:55:00,8618.12,118.65,TRADE
NSW1,2026/10/02 17:00:00,8721.42,113.50,TRADE
NSW1,2026/10/02 17:05:00,8735.15,94.20,TRADE
NSW1,2026/10/02 17:10:00,8719.44,94.69,TRADE
NSW1,2026/10/02 17:15:00,8714.1,115.88,TRADE
NSW1,2026/10/02 17:20:00,8710.85,121.10,TRADE
NSW1,2026/10/02 17:25:00,8748.56,118.65,TRADE
NSW1,2026/10/02 17:30:00,8752.9,110.98,TRADE
NSW1,2026/10/02 17:35:00,8851.03,94.07,TRADE
NSW1,2026/10/02 17:40:00,8906.29,94.89,TRADE
NSW1,2026/10/02 17:45:00,8843.68,119.01,TRADE
NSW1,2026/10/02 17:50:00,8846.83,113.50,TRADE
NSW1,2026/10/02 17:55:00,8821.29,90.84,TRADE
NSW1,2026/10/02 18:00:00,8902.26,110.48,TRADE
NSW1,2026/10/02 18:05:00,8855.4,116.79,TRADE
NSW1,2026/10/02 18:10:00,8852.14,112.96,TRADE
NSW1,2026/10/02 18:15:00,8808.3,94.56,TRADE
NSW1,2026/10/02 18:20:00,8852.77,101.80,TRADE
NSW1,2026/10/02 18:25:00,8813.78,119,TRADE
NSW1,2026/10/02 18:30:00,8801.73,118.65,TRADE
NSW1,2026/10/02 18:35:00,8870.68,116.20,TRADE
NSW1,2026/10/02 18:40:00,8702.67,98.08,TRADE
NSW1,2026/10/02 18:45:00,8754.21,107.25,TRADE
NSW1,2026/10/02 18:50:00,8781.84,113.50,TRADE
NSW1,2026/10/02 18:55:00,8705.02,110.59,TRADE
NSW1,2026/10/02 19:00:00,8634.95,106.98,TRADE
NSW1,2026/10/02 19:05:00,8663.37,114.54,TRADE
NSW1,2026/10/02 19:10:00,8649.92,113.50,TRADE
NSW1,2026/10/02 19:15:00,8630.39,105.80,TRADE
NSW1,2026/10/02 19:20:00,8557.54,119.01,TRADE
NSW1,2026/10/02 19:25:00,8478.81,119,TRADE
NSW1,2026/10/02 19:30:00,8405.4,106.86,TRADE
NSW1,2026/10/02 19:35:00,8450.9,123.31,TRADE
NSW1,2026/10/02 19:40:00,8426.79,119,TRADE
NSW1,2026/10/02 19:45:00,8248.93,95.77,TRADE
NSW1,2026/10/02 19:50:00,8411.7,110.98,TRADE
NSW1,2026/10/02 19:55:00,8352.28,116.74,TRADE
NSW1,2026/10/02 20:00:00,8350.23,113.50,TRADE
NSW1,2026/10/02 20:05:00,8354.82,109.39,TRADE
NSW1,2026/10/02 20:10:00,8316.99,103.81,TRADE
NSW1,2026/10/02 20:15:00,8208.55,97.75,TRADE
NSW1,2026/10/02 20:20:00,8275.57,113.50,TRADE
NSW1,2026/10/02 20:25:00,8212.54,113.50,TRADE
NSW1,2026/10/02 20:30:00,8229.24,113.50,TRADE
NSW1,2026/10/02 20:35:00,8172.52,104.19,TRADE
NSW1,2026/10/02 20:40:00,8128.52,106.81,TRADE
NSW1,2026/10/02 20:45:00,8198.41,99.12,TRADE
NSW1,2026/10/02 20:50:00,8133.56,102.46,TRADE
NSW1,2026/10/02 20:55:00,8148.38,110.17,TRADE
NSW1,2026/10/02 21:00:00,8081.53,112.35,TRADE
NSW1,2026/10/02 21:05:00,8021.51,119.01,TRADE
NSW1,2026/10/02 21:10:00,7957.72,110.94,TRADE
NSW1,2026/10/02 21:15:00,7934.16,113.10,TRADE
NSW1,2026/10/02 21:20:00,7941.11,113.50,TRADE
NSW1,2026/10/02 21:25:00,7943.79,113.49,TRADE
NSW1,2026/10/02 21:30:00,7783.18,101,TRADE
NSW1,2026/10/02 21:35:00,7846.63,103.80,TRADE
NSW1,2026/10/02 21:40:00,7854.27,105.74,TRADE
NSW1,2026/10/02 21:45:00,7799.24,105.80,TRADE
NSW1,2026/10/02 21:50:00,7810.58,102.73,TRADE
NSW1,2026/10/02 21:55:00,7792.62,105.94,TRADE
NSW1,2026/10/02 22:00:00,7742.91,104.59,TRADE
NSW1,2026/10/02 22:05:00,7603.16,116.54,TRADE
NSW1,2026/10/02 22:10:00,7810.72,119.01,TRADE
NSW1,2026/10/02 22:15:00,7796.75,119,TRADE
NSW1,2026/10/02 22:20:00,7875.43,119.02,TRADE
NSW1,2026/10/02 22:25:00,7816.66,119,TRADE
NSW1,2026/10/02 22:30:00,7905.02,118.74,TRADE
NSW1,2026/10/02 22:35:00,7790.3,96.99,TRADE
NSW1,2026/10/02 22:40:00,7831.46,104.34,TRADE
NSW1,2026/10/02 22:45:00,7785.08,118.65,TRADE
NSW1,2026/10/02 22:50:00,7677.55,104.96,TRADE
NSW1,2026/10/02 22:55:00,7711.43,106.92,TRADE
NSW1,2026/10/02 23:00:00,7705.35,96.26,TRADE
NSW1,2026/10/02 23:05:00,7660.81,107.05,TRADE
NSW1,2026/10/02 23:10:00,7595.41,106.63,TRADE
NSW1,2026/10/02 23:15:00,7594.58,106.69,TRADE
NSW1,2026/10/02 23:20:00,7608.9,106.39,TRADE
NSW1,2026/10/02 23:25:00,7560.86,104.86,TRADE
NSW1,2026/10/02 23:30:00,7537.09,96.99,TRADE
NSW1,2026/10/02 23:35:00,7531.43,118.65,TRADE
NSW1,2026/10/02 23:40:00,7524.61,118.69,TRADE
NSW1,2026/10/02 23:45:00,7460.55,107.52,TRADE
NSW1,2026/10/02 23:50:00,7435.09,107.29,TRADE
NSW1,2026/10/02 23:55:00,7378.48,116.22,TRADE
NSW1,2026/10/03 00:00:00,7327.25,105.66,TRADE
NSW1,2026/10/03 00:05:00,7343.67,108.14,TRADE
NSW1,2026/10/03 00:10:00,7471.41,119.01,TRADE
NSW1,2026/10/03 00:15:00,7491.43,119.01,TRADE
NSW1,2026/10/03 00:20:00,7421.45,119.01,TRADE
NSW1,2026/10/03 00:25:00,7495.99,119.01,TRADE
NSW1,2026/10/03 00:30:00,7432.54,108.26,TRADE
NSW1,2026/10/03 00:35:00,7319.44,109.44,TRADE
NSW1,2026/10/03 00:40:00,7237.75,108.76,TRADE
NSW1,2026/10/03 00:45:00,7263.75,109.53,TRADE
NSW1,2026/10/03 00:50:00,7199.35,109.46,TRADE
NSW1,2026/10/03 00:55:00,7144.98,100.17,TRADE
NSW1,2026/10/03 01:00:00,7211.86,119,TRADE
NSW1,2026/10/03 01:05:00,7174.2,119.01,TRADE
NSW1,2026/10/03 01:10:00,7066.47,119.01,TRADE
NSW1,2026/10/03 01:15:00,7080.03,119.01,TRADE
NSW1,2026/10/03 01:20:00,7032.64,119,TRADE
NSW1,2026/10/03 01:25:00,6921.27,113.11,TRADE
NSW1,2026/10/03 01:30:00,6952.94,113.89,TRADE
NSW1,2026/10/03 01:35:00,6926.64,119.01,TRADE
NSW1,2026/10/03 01:40:00,6888.18,118.65,TRADE
NSW1,2026/10/03 01:45:00,6791.7,106.52,TRADE
NSW1,2026/10/03 01:50:00,6690.09,100.55,TRADE
NSW1,2026/10/03 01:55:00,6740.74,106.52,TRADE
NSW1,2026/10/03 02:00:00,6751.53,103.53,TRADE
NSW1,2026/10/03 02:05:00,6754.02,106.52,TRADE
NSW1,2026/10/03 02:10:00,6748.03,106.52,TRADE
NSW1,2026/10/03 02:15:00,6717.46,106.52,TRADE
NSW1,2026/10/03 02:20:00,6607.34,96.99,TRADE
NSW1,2026/10/03 02:25:00,6569.42,96.99,TRADE
NSW1,2026/10/03 02:30:00,6608.59,97.63,TRADE
NSW1,2026/10/03 02:35:00,6581.26,106.52,TRADE
NSW1,2026/10/03 02:40:00,6575.6,90,TRADE
NSW1,2026/10/03 02:45:00,6566.81,100.33,TRADE
NSW1,2026/10/03 02:50:00,6578.33,97.63,TRADE
NSW1,2026/10/03 02:55:00,6549.42,96.99,TRADE
NSW1,2026/10/03 03:00:00,6533.81,96.99,TRADE
NSW1,2026/10/03 03:05:00,6521.5,99.68,TRADE
NSW1,2026/10/03 03:10:00,6498.45,90,TRADE
NSW1,2026/10/03 03:15:00,6528.73,90,TRADE
NSW1,2026/10/03 03:20:00,6477.25,96.99,TRADE
NSW1,2026/10/03 03:25:00,6519.32,96.99,TRADE
NSW1,2026/10/03 03:30:00,6395.9,96.99,TRADE
NSW1,2026/10/03 03:35:00,6360.93,96.99,TRADE
NSW1,2026/10/03 03:40:00,6419.57,100.38,TRADE
NSW1,2026/10/03 03:45:00,6430.2,90,TRADE
NSW1,2026/10/03 03:50:00,6455.35,97.63,TRADE
NSW1,2026/10/03 03:55:00,6503.13,112.50,TRADE
NSW1,2026/10/03 04:00:00,6496.69,102.97,TRADE
NSW1,2026/10/03 04:05:00,6386.95,96.99,TRADE
NSW1,2026/10/03 04:10:00,6484.04,112.67,TRADE
NSW1,2026/10/03 04:15:00,6489.9,106.52,TRADE
NSW1,2026/10/03 04:20:00,6443.85,102.02,TRADE
NSW1,2026/10/03 04:25:00,6389.18,101.61,TRADE
NSW1,2026/10/03 04:30:00,6316.45,100.98,TRADE
NSW1,2026/10/03 04:35:00,6397.33,106.52,TRADE
NSW1,2026/10/03 04:40:00,6412.01,101.57,TRADE
NSW1,2026/10/03 04:45:00,6397.22,100.89,TRADE
NSW1,2026/10/03 04:50:00,6371.77,97.63,TRADE
NSW1,2026/10/03 04:55:00,6326.57,96.99,TRADE
NSW1,2026/10/03 05:00:00,6335.94,96.99,TRADE
NSW1,2026/10/03 05:05:00,6387.51,118.65,TRADE
NSW1,2026/10/03 05:10:00,6435.92,119,TRADE
NSW1,2026/10/03 05:15:00,6540.05,114.54,TRADE
NSW1,2026/10/03 05:20:00,6530.18,118.65,TRADE
NSW1,2026/10/03 05:25:00,6484.58,111.92,TRADE
NSW1,2026/10/03 05:30:00,6510.23,111.69,TRADE
NSW1,2026/10/03 05:35:00,6419.47,106.52,TRADE
NSW1,2026/10/03 05:40:00,6525.11,112.44,TRADE
NSW1,2026/10/03 05:45:00,6561.53,113.89,TRADE
NSW1,2026/10/03 05:50:00,6408.19,97.63,TRADE
NSW1,2026/10/03 05:55:00,6464.34,96.99,TRADE
NSW1,2026/10/03 06:00:00,6443.43,97.63,TRADE
NSW1,2026/10/03 06:05:00,6522.92,90,TRADE
NSW1,2026/10/03 06:10:00,6558.53,90,TRADE
NSW1,2026/10/03 06:15:00,6529.93,89.87,TRADE
NSW1,2026/10/03 06:20:00,6525.42,84.79,TRADE
NSW1,2026/10/03 06:25:00,6622.4,90,TRADE
NSW1,2026/10/03 06:30:00,6648.27,88.88,TRADE
NSW1,2026/10/03 06:35:00,6586.74,84.79,TRADE
NSW1,2026/10/03 06:40:00,6553.67,65.51,TRADE
NSW1,2026/10/03 06:45:00,6504.2,64.02,TRADE
NSW1,2026/10/03 06:50:00,6517.84,90,TRADE
NSW1,2026/10/03 06:55:00,6561.94,64.02,TRADE
NSW1,2026/10/03 07:00:00,6586.66,46.99,TRADE
NSW1,2026/10/03 07:05:00,6574.68,46.99,TRADE
NSW1,2026/10/03 07:10:00,6589.19,76.30,TRADE
NSW1,2026/10/03 07:15:00,6560.32,76.30,TRADE
NSW1,2026/10/03 07:20:00,6716.99,76.30,TRADE
NSW1,2026/10/03 07:25:00,6758.54,76.30,TRADE
NSW1,2026/10/03 07:30:00,6680.02,42.94,TRADE
NSW1,2026/10/03 07:35:00,6811.63,57.39,TRADE
NSW1,2026/10/03 07:40:00,6881.4,76.30,TRADE
NSW1,2026/10/03 07:45:00,6869.86,64.02,TRADE
NSW1,2026/10/03 07:50:00,6832.46,46.99,TRADE
NSW1,2026/10/03 07:55:00,6805.41,57.39,TRADE
NSW1,2026/10/03 08:00:00,6729.04,76.30,TRADE
NSW1,2026/10/03 08:05:00,6895.78,76.30,TRADE
NSW1,2026/10/03 08:10:00,6893.81,64.95,TRADE
NSW1,2026/10/03 08:15:00,6875.65,69.90,TRADE
NSW1,2026/10/03 08:20:00,6932.67,64.02,TRADE
NSW1,2026/10/03 08:25:00,6957.84,69.90,TRADE
NSW1,2026/10/03 08:30:00,6913.24,80.12,TRADE
NSW1,2026/10/03 08:35:00,6916.26,80.12,TRADE
NSW1,2026/10/03 08:40:00,6824.31,75.96,TRADE
NSW1,2026/10/03 08:45:00,6827.62,97.63,TRADE
NSW1,2026/10/03 08:50:00,6837.47,97.63,TRADE
NSW1,2026/10/03 08:55:00,6898.51,106.52,TRADE
NSW1,2026/10/03 09:00:00,6846.59,106.52,TRADE
NSW1,2026/10/03 09:05:00,6830.05,64.02,TRADE
NSW1,2026/10/03 09:10:00,6860.68,42.94,TRADE
NSW1,2026/10/03 09:15:00,6954.15,64.02,TRADE
NSW1,2026/10/03 09:20:00,6950.69,119.01,TRADE
NSW1,2026/10/03 09:25:00,6755.55,64.95,TRADE
NSW1,2026/10/03 09:30:00,6780.73,90.97,TRADE
NSW1,2026/10/03 09:35:00,6765.39,105.65,TRADE
NSW1,2026/10/03 09:40:00,6659.18,46.99,TRADE
NSW1,2026/10/03 09:45:00,6615.74,64.95,TRADE
NSW1,2026/10/03 09:50:00,6503.6,42.94,TRADE
NSW1,2026/10/03 09:55:00,6510.14,76.30,TRADE
NSW1,2026/10/03 10:00:00,6371.97,90,TRADE
NSW1,2026/10/03 10:05:00,6342.15,64.95,TRADE
NSW1,2026/10/03 10:10:00,6558.49,67.18,TRADE
NSW1,2026/10/03 10:15:00,6545.78,46.99,TRADE
NSW1,2026/10/03 10:20:00,6583.12,88.88,TRADE
NSW1,2026/10/03 10:25:00,6512.31,90.21,TRADE
NSW1,2026/10/03 10:30:00,6573.9,80.12,TRADE
NSW1,2026/10/03 10:35:00,6438.25,64.95,TRADE
NSW1,2026/10/03 10:40:00,6452.68,52.21,TRADE
NSW1,2026/10/03 10:45:00,6533.65,52.21,TRADE
NSW1,2026/10/03 10:50:00,6427.52,64.95,TRADE
NSW1,2026/10/03 10:55:00,6415.08,88.88,TRADE
NSW1,2026/10/03 11:00:00,6411.53,64.95,TRADE
NSW1,2026/10/03 11:05:00,6394.07,68.02,TRADE
NSW1,2026/10/03 11:10:00,6541.1,67.18,TRADE
NSW1,2026/10/03 11:15:00,6632.36,73.26,TRADE
NSW1,2026/10/03 11:20:00,6554.31,64.02,TRADE
NSW1,2026/10/03 11:25:00,6547.5,67.18,TRADE
NSW1,2026/10/03 11:30:00,6529.86,67.18,TRADE
NSW1,2026/10/03 11:35:00,6281.64,52.21,TRADE
NSW1,2026/10/03 11:40:00,6303.77,61.02,TRADE
NSW1,2026/10/03 11:45:00,6306.06,67.18,TRADE
NSW1,2026/10/03 11:50:00,6315.83,76.30,TRADE
NSW1,2026/10/03 11:55:00,6220.23,67.18,TRADE
NSW1,2026/10/03 12:00:00,6320.96,67.18,TRADE
NSW1,2026/10/03 12:05:00,6337.34,53.15,TRADE
NSW1,2026/10/03 12:10:00,6424.29,73.30,TRADE
NSW1,2026/10/03 12:15:00,6397.45,67.18,TRADE
NSW1,2026/10/03 12:20:00,6408.33,88.88,TRADE
NSW1,2026/10/03 12:25:00,6254.79,80.13,TRADE
NSW1,2026/10/03 12:30:00,6286.43,80.13,TRADE
NSW1,2026/10/03 12:35:00,6144.89,76.30,TRADE
NSW1,2026/10/03 12:40:00,6083.04,67.18,TRADE
NSW1,2026/10/03 12:45:00,6055.73,76.30,TRADE
NSW1,2026/10/03 12:50:00,6068.28,67.18,TRADE
NSW1,2026/10/03 12:55:00,6072.95,67.18,TRADE
NSW1,2026/10/03 13:00:00,6192.37,67.18,TRADE
NSW1,2026/10/03 13:05:00,6303.42,67.18,TRADE
NSW1,2026/10/03 13:10:00,6245.88,73.29,TRADE
NSW1,2026/10/03 13:15:00,6300.11,80.13,TRADE
NSW1,2026/10/03 13:20:00,6294.9,80.13,TRADE
NSW1,2026/10/03 13:25:00,6294.24,76.30,TRADE
NSW1,2026/10/03 13:30:00,6399.58,88.89,TRADE
NSW1,2026/10/03 13:35:00,6462.2,76.30,TRADE
NSW1,2026/10/03 13:40:00,6520.89,88.89,TRADE
NSW1,2026/10/03 13:45:00,6445.69,96.99,TRADE
NSW1,2026/10/03 13:50:00,6388.82,88.89,TRADE
NSW1,2026/10/03 13:55:00,6293.73,88.89,TRADE
NSW1,2026/10/03 14:00:00,6216.55,88.88,TRADE
NSW1,2026/10/03 14:05:00,6139.08,76.30,TRADE
NSW1,2026/10/03 14:10:00,6106.5,80.13,TRADE
NSW1,2026/10/03 14:15:00,6004.88,80.12,TRADE
NSW1,2026/10/03 14:20:00,5827.52,76.30,TRADE
NSW1,2026/10/03 14:25:00,5856.64,80.13,TRADE
NSW1,2026/10/03 14:30:00,5733.26,76.30,TRADE
NSW1,2026/10/03 14:35:00,5816.92,76.30,TRADE
NSW1,2026/10/03 14:40:00,5916.22,80.12,TRADE
NSW1,2026/10/03 14:45:00,5957.52,76.30,TRADE
NSW1,2026/10/03 14:50:00,6051.69,76.30,TRADE
NSW1,2026/10/03 14:55:00,6115.82,80.13,TRADE
NSW1,2026/10/03 15:00:00,6204.01,88.89,TRADE
NSW1,2026/10/03 15:05:00,6238.56,88.89,TRADE
NSW1,2026/10/03 15:10:00,6456.7,88.89,TRADE
NSW1,2026/10/03 15:15:00,6549.03,88.89,TRADE
NSW1,2026/10/03 15:20:00,6622.92,96.99,TRADE
NSW1,2026/10/03 15:25:00,6775.9,106.52,TRADE
NSW1,2026/10/03 15:30:00,6802.56,88.89,TRADE
NSW1,2026/10/03 15:35:00,6839.26,96.99,TRADE
NSW1,2026/10/03 15:40:00,6938.19,99.01,TRADE
NSW1,2026/10/03 15:45:00,7012.19,118.65,TRADE
NSW1,2026/10/03 15:50:00,7024.16,105.50,TRADE
NSW1,2026/10/03 15:55:00,7129.84,106.52,TRADE
NSW1,2026/10/03 16:00:00,7329.61,106.52,TRADE
NSW1,2026/10/03 16:05:00,7339.19,107.52,TRADE
NSW1,2026/10/03 16:10:00,7469.59,90,TRADE
NSW1,2026/10/03 16:15:00,7615.17,119.01,TRADE
NSW1,2026/10/03 16:20:00,7538.8,130.71,TRADE
NSW1,2026/10/03 16:25:00,7556.08,103.24,TRADE
NSW1,2026/10/03 16:30:00,7618.97,119.01,TRADE
NSW1,2026/10/03 16:35:00,7567.14,103.67,TRADE
NSW1,2026/10/03 16:40:00,7763.53,101.71,TRADE
NSW1,2026/10/03 16:45:00,7794.62,108.82,TRADE
NSW1,2026/10/03 16:50:00,7829.1,119.01,TRADE
NSW1,2026/10/03 16:55:00,7845.01,112.11,TRADE
NSW1,2026/10/03 17:00:00,7890.84,126.23,TRADE
NSW1,2026/10/03 17:05:00,7769.65,104.29,TRADE
NSW1,2026/10/03 17:10:00,7931.58,96.99,TRADE
NSW1,2026/10/03 17:15:00,7940.03,119.01,TRADE
NSW1,2026/10/03 17:20:00,7830.26,106.52,TRADE
NSW1,2026/10/03 17:25:00,7995.41,106.52,TRADE
NSW1,2026/10/03 17:30:00,8102.4,109.57,TRADE
NSW1,2026/10/03 17:35:00,8038.05,95.20,TRADE
NSW1,2026/10/03 17:40:00,8156.14,111.57,TRADE
NSW1,2026/10/03 17:45:00,8134.59,119.01,TRADE
NSW1,2026/10/03 17:50:00,8087.29,119.01,TRADE
NSW1,2026/10/03 17:55:00,8138.91,119.02,TRADE
NSW1,2026/10/03 18:00:00,8097.73,119.01,TRADE
NSW1,2026/10/03 18:05:00,8109.06,105.67,TRADE
NSW1,2026/10/03 18:10:00,8201.79,119,TRADE
NSW1,2026/10/03 18:15:00,7956.6,106.12,TRADE
NSW1,2026/10/03 18:20:00,8202.13,119.02,TRADE
NSW1,2026/10/03 18:25:00,8133.15,107.25,TRADE
NSW1,2026/10/03 18:30:00,8105.91,119,TRADE
NSW1,2026/10/03 18:35:00,8131.75,117.84,TRADE
NSW1,2026/10/03 18:40:00,8206.45,119.01,TRADE
NSW1,2026/10/03 18:45:00,8202,116.88,TRADE
NSW1,2026/10/03 18:50:00,8157.34,118.65,TRADE
NSW1,2026/10/03 18:55:00,8122,100.94,TRADE
NSW1,2026/10/03 19:00:00,8143.33,119,TRADE
NSW1,2026/10/03 19:05:00,8167.28,119,TRADE
NSW1,2026/10/03 19:10:00,8131.3,118.65,TRADE
NSW1,2026/10/03 19:15:00,8152.82,114.54,TRADE
NSW1,2026/10/03 19:20:00,8085.76,106.92,TRADE
NSW1,2026/10/03 19:25:00,8084.67,106.85,TRADE
NSW1,2026/10/03 19:30:00,8080.43,105.67,TRADE
NSW1,2026/10/03 19:35:00,7990.72,118.65,TRADE
NSW1,2026/10/03 19:40:00,7911.52,119,TRADE
NSW1,2026/10/03 19:45:00,7827.43,115.28,TRADE
NSW1,2026/10/03 19:50:00,7833.68,114.54,TRADE
NSW1,2026/10/03 19:55:00,7683.92,100.27,TRADE
NSW1,2026/10/03 20:00:00,7806.63,105.67,TRADE
NSW1,2026/10/03 20:05:00,7805.72,105.67,TRADE
NSW1,2026/10/03 20:10:00,7821.8,105.67,TRADE
NSW1,2026/10/03 20:15:00,7792.52,109.69,TRADE
NSW1,2026/10/03 20:20:00,7726.45,94.79,TRADE
NSW1,2026/10/03 20:25:00,7749.32,96.99,TRADE
NSW1,2026/10/03 20:30:00,7730.75,96.99,TRADE
NSW1,2026/10/03 20:35:00,7725.69,119.01,TRADE
NSW1,2026/10/03 20:40:00,7785.17,121.07,TRADE
NSW1,2026/10/03 20:45:00,7721.07,114.54,TRADE
NSW1,2026/10/03 20:50:00,7680.78,119.01,TRADE
NSW1,2026/10/03 20:55:00,7694.02,119,TRADE
NSW1,2026/10/03 21:00:00,7673.03,118.65,TRADE
NSW1,2026/10/03 21:05:00,7683.08,110.17,TRADE
NSW1,2026/10/03 21:10:00,7680.38,119,TRADE
NSW1,2026/10/03 21:15:00,7628.14,119.01,TRADE
NSW1,2026/10/03 21:20:00,7553.67,114.54,TRADE
NSW1,2026/10/03 21:25:00,7537.6,119.01,TRADE
NSW1,2026/10/03 21:30:00,7552.59,119.01,TRADE
NSW1,2026/10/03 21:35:00,7422.95,113.68,TRADE
NSW1,2026/10/03 21:40:00,7509.13,119.01,TRADE
NSW1,2026/10/03 21:45:00,7529.83,119.01,TRADE
NSW1,2026/10/03 21:50:00,7444.96,119,TRADE
NSW1,2026/10/03 21:55:00,7467.22,119.01,TRADE
NSW1,2026/10/03 22:00:00,7441.76,119.01,TRADE
NSW1,2026/10/03 22:05:00,7420.79,108.72,TRADE
NSW1,2026/10/03 22:10:00,7446.08,119,TRADE
NSW1,2026/10/03 22:15:00,7499.89,119,TRADE
NSW1,2026/10/03 22:20:00,7487.7,114.45,TRADE
NSW1,2026/10/03 22:25:00,7512,117.45,TRADE
NSW1,2026/10/03 22:30:00,7464.27,110.21,TRADE
NSW1,2026/10/03 22:35:00,7480.15,108.71,TRADE
NSW1,2026/10/03 22:40:00,7452,109.57,TRADE
NSW1,2026/10/03 22:45:00,7453.07,119,TRADE
NSW1,2026/10/03 22:50:00,7409.02,115.75,TRADE
NSW1,2026/10/03 22:55:00,7401.92,118.65,TRADE
NSW1,2026/10/03 23:00:00,7368.04,118.65,TRADE
NSW1,2026/10/03 23:05:00,7296.63,105.79,TRADE
NSW1,2026/10/03 23:10:00,7388.02,107.18,TRADE
NSW1,2026/10/03 23:15:00,7347.45,114.84,TRADE
NSW1,2026/10/03 23:20:00,7304.84,113.25,TRADE
NSW1,2026/10/03 23:25:00,7213.9,107.25,TRADE
NSW1,2026/10/03 23:30:00,7266.8,112.03,TRADE
NSW1,2026/10/03 23:35:00,7259.29,111.18,TRADE
NSW1,2026/10/03 23:40:00,7251.07,119,TRADE
NSW1,2026/10/03 23:45:00,7236.04,119.01,TRADE
NSW1,2026/10/03 23:50:00,7133.53,109.78,TRADE
NSW1,2026/10/03 23:55:00,7057.97,118.15,TRADE
NSW1,2026/10/04 00:00:00,7113.16,119,TRADE
